Business_Name,Date,Year,Location_City,Vehicle_Was,Pre_Crash,Damage_Detail
Waymo LLC,12/11/2018,2018,Palo Alto,Moving,Conventional,"A Waymo Autonomous Vehicle (""Waymo AV"") was traveling in manual mode on Alma Street at El Verano Avenue in Palo Alto when it struck a curb. The Waymo AV was traveling at approximately 32 MPH in the number 2 lane heading northbound on Alma Street where the number 3 lane ends after the intersection of El Verano Avenue. While nudging to avoid a car in the number 1 lane that drifted into the number 2 lane, the Waymo AV struck the curb at the lane shift and the front passenger tire deflated. No injuries were reported at the scene."
Waymo LLC,12/3/2018,2018,Mountain View,Stopped in Traffic,Autonomous,"A Waymo Autonomous Vehicle (""Waymo AV"") was traveling in autonomous mode on northbound View Street at California Street in Mountain View, approaching a four-way intersection with a traffic calming island. After coming to a complete stop at a two-way stop sign, the Waymo AV determined it was safe to proceed through the intersection and began to do so, when it detected a bicyclist approaching from the right. The Waymo AV then stopped for the bicyclist, whose front tire made contact with the passenger side of the stationary Waymo AV at approximately 3 MPH. The bicyclist remained upright and rode away without exchanging information. No injuries or damage were reported or observed."
Cruise,12/1/2018,2018,San Francisco,Moving,Autonomous,"A Cruise autonomous vehicle (""Cruise AV""), operating in autonomous mode, was proceeding straight after completing a left turn from northbound Cyril Magnin Street onto westbound Ellis Street when another vehicle, attempting to pass the Cruise AV on the left , made contact with the left rear bumper of the Cruise AV, damaging the left rear wheel well of the Cruise AV. There were no injuries and police were not called."
Waymo LLC,11/29/2018,2018,Palo Alto,Stopped in Traffic,Autonomous,"This OL3l 6 report was submitted to the DMV on December 19, 2018 as an amendment to the original report which was submitted to the DMV on December 13, 2018. This new report corrects clerical errors and includes new information of the other party. A Waymo Autonomous Vehicle (""Waymo AV''.) was stopped in autonomous mode on Middlefield Road at Oregon Expressway in Palo Alto when a county bus came in contact with the passenger side mirror, pushing it towards the AV. The Waymo AV was stopped at a red light, and the bus was making a right-on-red in the adjacent right turn lane. The Waymo AV sustained minor damage to the mirror, and the bus d id not stop to exchange information. There were no injuries reported at the scene."
Cruise,11/24/2018,2018,San Francisco,Moving,Conventional,"A Cruise autonomous vehicle ("" Cruise AV"" ), operating in conventional mode, was traveling westbound on Pine Street and entered the intersection at Battery Street when another vehicle, traveling southbound through a red light, made contact with the right front corner of the Cruise AV, causing damage to the Cruise AV' s front bumper. The driver and one of the passengers of the Cruise AV suffered minor injuries. The driver of the other vehicle was not injured and police were not called."
Waymo LLC,11/28/2018,2018,Palo Alto,Stopped in Traffic,Autonomous,"A Waymo Autonomous Vehicle (""Waymo AV"") was in autonomous mode at the merge onto northwest-bound Central Expressway exiting the ramp from northeast-bound San Antonio Road in Palo Alto when it was rear-ended. The Waymo AV stopped to yield to traffic on Central Expressway, after which the passenger vehicle immediately behind the Waymo AV struck the Waymo A V's rear bumper at approximately 2 MPH. The Waymo AV sustained minor damage to its rear bumper, and the other vehicle had no apparent damage. No injuries were reported at the scene"
Zoox,11/20/2018,2018,San Francisco,Stopped in Traffic,Autonomous,"On November 20,2018, at approximately 10:04PM,a Zoox vehicle in autonomous mode made a gradual stop at the stop sign at the intersection of Stockton St and Lombard St. While waiting and stopped at the stop sign, the Zoox vehicle was rear-ended by an Infiniti M35. The lnfiniti made contact with the rear bumper of the Zoox vehicle . The Infiniti was traveling at approximately 5-10mph when it hit the Zoox vehicle. There were no inj uries and no visible damage to either vehicle."
Waymo LLC,11/18/2018,2018,Mountain View,Moving,Conventional,"A Waymo Autonomous Vehicle (""Waymo A V"") in manual mode traveling westbound on W. Evelyn Avenue was yielding to traffic while waiting to make a right tum onto northbound Castro Street in Mountain View when it was rear-ended by a passenger vehicle traveling at approximatel y 5 MPH. The Waymo AV sustained minor damage to the bumper, and the passenger vehicle had minor damage to its hood. No injuries were reported at the scene."
Cruise,11/15/2018,2018,San Francisco,Moving,Conventional,"A Cruise autonomous vehicle("" Cruise AV"" ), operating in autonomous mode, was traveling eastbound on 14th Street between Natoma and South Van Ness Streets when the Cruise AV began to yield to a car on its left. The driver of the Cruise AV disengaged from autonomous mode, and shortly thereafter a motorcyclist made contact with the left rear bumper of the Cruise AV, causing damage to the Cruise AV' s rear bumper. There were no injuries and police were not called."
Cruise,11/15/2018,2018,San Francisco,Stopped in Traffic,Autonomous,"A Cruise aut.onomous vehicle("" Cruise AV"" ), operating in autonomous mode, was waiting for oncoming traffic to clear the intersection before making a left turn onto Fulton Street from southbound Baker Street when another vehicle made contact with the right rear corner of the Cruise AV while attempting to pass it, causing damage to the Cruise AV' s rear bumper. There were no injuries and police were not called."
Waymo LLC,11/7/2018,2018,Palo Alto,Stopped in Traffic,Autonomous,"A Waymo autonomous vehicle (""Waymo AV"") in autonomous mode from southbound Alma Street onto southbound Oregon Expressway in Palo Alto was stopped and yielding to traffic while waiting to make a right turn at a stop sign when it was rear-ended by a passenger vehicle traveling at less than 1 MPH. The Waymo AV sustained minor damage to the bumper, and the passenger vehicle had minor damage to its front bumper. No injuries were reported at the scene"
Waymo LLC,11/14/2018,2018,Palo Alto,Stopped in Traffic,Autonomous,"A Waymo Autonomous Vehicle (""Waymo AV"") was stopped in autonomous mode on the off-ramp from westbound Alma Street to southbound Oregon Expressway in Palo Alto when it was rear-ended. The Waymo AV was yielding to cross-traffic when a passenger vehicle made contact with the Waymo A V 's rear bumpe at approximately 9 MPH. The Waymo AV sustained minor damage to the rear bumper, and the passenger vehicle had minor damage to the front bumper. No inj uries were reported at the scene."
Waymo LLC,11/14/2018,2018,Mountain View,Moving,Conventional,"A Waymo Autonomous Vehicle (""Waymo AV"") was traveling in autonomous mode in the leftmost lane of northbound Rengstorff Avenue approaching Charleston Road in Mountain View when the test driver accidentally disengaged autonomous mode. The Waymo AV then struck a curb at approximately 28 MPH and the front driver-side tire deflated. No inj uries were reported at the scene."
Autora Innovation,11/2/2018,2018,Palo Alto,Moving,Conventional,"On November 2, 2018 at approximately 3:00 PM PST, an Aurora test vehicle, operating in Conventional Mode, was rear-ended by a BMW 528i. The Aurora test vehicle was traveling Northbound on the 101 freeway between the University and East Palo Alto exits. The Aurora test vehicle was decelerating and nearly at a complete stop as it approached lead vehicles that were stopped due to heavy traffic conditions when the BMW following directly behind made contact with the test vehicle's rear bumper. There were no injuries, the parties exchanged information, and the police were not called."
Cruise,11/6/2018,2018,San Francisco,Moving,Autonomous,"A Cruise autonomous vehicle ("" Cruise AV"" ), operating in autonomous mode, was proceeding northbound on Steiner Street at the intersection with Haight Street on a green light when a cyclist, traveling westbound through a red light, made contact with the right rear corner of the Cruise AV. The cyclist mentioned right shoulder pain, but denied needing an ambulance and left the scene on his own. The police were not called."
Cruise,10/26/2018,2018,San Francisco,Moving,Conventional,"A Cruise autonomous vehicle (""Cruise AV""), operating in manual mode, was traveling southbound on Gough Street between Fulton and Grove Streets when a lane-splitting motorcycle passed the Cruise AV and knocked off the Cruise A V's front left radar cover. The driver of the motorcycle did not stop after the collision. There were no injuries and police were not called."
Cruise,10/27/2018,2018,San Francisco,Moving,Conventional,"A Cruise autonomous vehicle (""Cruise AV"") was involved in a collision in manual mode while traveling northbound on 4th Avenue at the intersection with Cornwall Street. While proceeding through the intersection with the right of way, the driver of the Cruise AV made contact with a vehicle that did not obey a stop sign, damaging the right rear passenger door and wheel well ofthe other vehicle and the center of the Cruise A V's front bumper and front camera. There were no injuries. Police arrived at the scene but did not prepare a report."
Waymo LLC,10/24/2018,2018,Mountain View,Stopped in Traffic,Autonomous,"A Waymo Autonomous Vehicle (""Waymo AV"") in autonomous mode was stopped to check for oncoming traffic while in a slip lane to turn from Shoreline Boulevard onto El Camino Real in Mountain View when it was rear ended by a passenger vehicle. The Waymo AV sustained moderate damage to the rear left ofthe vehicle, and the passenger vehicle had moderate damage to the front right ofthe vehicle. No injuries were reported at the scene."
Waymo LLC,10/19/2018,2018,Mountain View,Moving,Conventional,"A Waymo Autonomous Vehicle (""Waymo AV"") was traveling at approximately 21 MPH westbound in Lane 2 of El Camino Real in Mountain View in self-driving mode. A passenger vehicle in Lane 1,to the left of the Waymo AV, began to change lanes into Lane 2 to avoid a box truck blocking two lanes of traffic, Waymo's test driver took manual control ofthe AV out of an abundance of caution, disengaged from self-driving mode, and began changing lanes into Lane 3. A motorcycle, traveling at approximately 28 MPH behind the Waymo AV, had just entered Lane 3 to overtake the Waymo AV on its right. The Waymo AV and motorcycle collided at the Way mo AV's right rear corner. The motorcyclist reported injuries and was transported to the hospital for treatment. The Waymo AV sustained minor damage to the rear bumper."
Zoox,10/12/2018,2018,San Francisco,Stopped in Traffic,Conventional,"On October 12th, 2018, at approximately 3:04 PM, a Zoox vehicle, operating in Conventional Mode, was rear-ended by a Honda Accord . The Zoox vehicle was traveling southbound on Mason St and then stopped for a red light at the intersection of Mason St. and Post St. The right-side of the front bumper of the Honda made contact with left-side of the back bumper of the Zoox vehicle as the Honda attempted to pass to the left of the Zoox vehicle into the parking lane. The Honda was traveling at less than 2 mph when it made contact with the stationary Zoox vehicle at the Mason St. and Post St intersection. There were no injuries. The police were not called."""
Apple inc,10/15/2018,2018,Sunnywale,Moving,Conventional,"On October 15th at 10:28 AM, an Apple test vehicle in manual mode was side swiped while preparing to turn left onto Stewart Drive from North Wolfe Road. The Apple test vehicle was traveling at approximately 5 mph when a Toyota Camry traveling at approximately 15 mph crossed out of its lane and contacted the Apple test vehicle. Both vehicles sustained minor damage and no injuries were reported. The police were notified that the driver of the Toyota Camry left without exchanging information."
Waymo LLC,10/15/2018,2018,Mountain View,Stopped in Traffic,Autonomous,"A Waymo A utonomous Vehicle (""Waymo AV"") traveling in Autonomous mode southbound on Shoreline Boulevard, in the right hand slip lane, turning right onto westbound El Camino Real in Mountain View when the Waymo AV came to a stop to yield to approaching traffic from the left, when it was struck from behind by a passenger vehicle. T he Waymo AV sustained minor damage and the passenger vehicle had minor damage. T here were no injuries reported at the scene."
Cruise,10/14/2018,2018,San Francisco,Moving,Conventional,"A Cruise autonomous vehicle (""Cruise AV"") was involved in a collision in manual mode while traveling southbound on Cherry Street between Sacramento and California Streets. While making a maneuver to avoid a parallel parking vehicle, the driver of the Cruise AV made contact with another vehicle that was pulling out of a driveway on the opposite side of the street, scratching the front center bumper of the other vehicle and denting the front left bumper of the Cruise AV. There were no injuries and police were not called."
Waymo LLC,9/14/2018,2018,Mountain View,Stopped in Traffic,Autonomous,"A Waymo autonomous vehicle (""Waymo A V"") was stopped in A utonomous mode in the sliplane of Villa St. and Shoreline Blvd. in Mountain V iew when a passenger vehicle struck the rear of the Waymo AV at low speed. T he Waymo AV sustained minor damage to the rear bumper, and the passenger vehicle had minor damage to the front bumper. No injuries were reported at the scene."
Waymo LLC,9/18/2018,2018,Mountain View,Moving,Autonomous,"A Waymo autonomous vehicle("" Waymo AV"" ) in autonomous mode was rear ended after entering the parking lot at l 00 Mayfield Ave. The Waymo AV was yielding for an oncoming vehicle while preparing to make a left turn inside the parking lot. There was minor damage to both vehicles and no injuries reported at the scene by either party."
Cruise,9/22/2018,2018,San Francisco,Minor,Conventional,"A Cruise autonomous vehicle (""Cruise AV""), operating in manual mode, was parked on southbound Bryant Street just past Mariposa Street when another vehicle pulled in front of the Cruise AV too tightly, scratching the left front bumper of the Cruise AV and denting the right rear side of the other vehicle. There were no injuries. The police were called, but no report was available at the time of the filing of this report."
Zoox,9/24/2018,2018,San Francisco,Stopped in Traffic,Conventional,"On Monday, September 24, 2018 at.approximately 9: 18 AM, a cyclist biked into the rear bumper of a stationary Zoox vehicle at the northwest corner of Embarcadero and Broadway. The Zoox vehicle was in conventional mode waiting for pedestrians to clear the crosswalk before making a right turn from Embarcadero onto Broadway. After contact, the Zoox vehicle completed the right turn onto Broadway and pulled over to the side of the road. However, the cyclist continued riding on Embarcadero and did not stop to discuss the incident."
Waymo LLC,9/24/2018,2018,Mountain View,Stopped in Traffic,Autonomous,"A Waymo Autonomous Vehicle (""Waymo AV"") was stopped in autonomous mode at a traffic light at the intersection of Rengstorff Ave. and Garcia Ave. in Mountain View when a box truck made contact with the rear bumper of the Waymo AV. The Waymo vehicle sustained minor damage to the rear bumper, and the box truck had minor damage to the front bumper and license plate. No injuries were reported at the scene."
Apple inc,8/24/2018,2018,Sunnywale,Moving,Autonomous,"On August 24th at 2:58 PM, an Apple test vehicle in autonomous mode was rear-ended while preparing to merge onto Lawrence Expressway South from Kifer Road. The Apple test vehicle was traveling less than 1 mph waiting for a safe gap to complete the merge when a 2016 Nissan Leaf contacted the Apple test vehicle at approximate ly 15 mph. Both vehicles sustained damage and no inj uries were reported by either party"
Waymo LLC,8/24/2018,2018,Palo Alto,Stopped in Traffic,Autonomous,"A Waymo autonomous vehicle (""Waymo AV"") in autonomous mode traveling southbound on San Antonio in Palo Alto, CA was stopped to yield to cross traffic when it was rear ended by a vehicle traveling at approximately 5 mph at the time of the collision. There was minor damage to both vehicles and no injuries reported at the scene by either party."
Zoox,9/7/2018,2018,San Francisco,Stopped in Traffic,Conventional,"On September 7th, 2018, at approximately 3 :47 PM, a Zoox vehicle, operating in manual mode, was struck on the passenger side by a bus. The Zoox vehicle was traveling southbound on Mason St. and making the left turn onto Eddy St, and had entered the intersection and was stopped when the bus on the adjacent lane to the right struck the Zoox vehicle as it was turning into Eddy St. from Mason St. The bus impacted the passenger-side sensor and fender. The bus was traveling at less than 2 mph when it hit the Zoox vehicle, which was stopped. There were no injuries"
Cruise,9/8/2018,2018,San Francisco,Moving,Conventional,"A Cruise autonomous vehicle (""Cruise AV""), operating in manual mode, was traveling southbound on Hyde Street approaching McAllister Street when a parked vehicle pulled out in front of the Cruise AV making contact with with the Cruise A V's passenger side door causing light damage on both the front and rear passenger side door panels. There were no injuries and police were not called."
Cruise,9/9/2018,2018,San Francisco,Stopped in Traffic,Conventional,"A Cruise autonomous vehicle (""Cruise AV""), operating in manual mode, was stopped in traffic southbound on Divisidero Street just past Fell Street when another vehicle rear ended the Cruise AV causing minor damage to the rear of the Cruise AV. The driver of the other vehicle did not stop. There were no injuries and police were not called."
Waymo LLC,8/10/2018,2018,Mountain View,Moving,Conventional,"A Waymo autonomous vehicle (""Waymo AV"") in manual mode was rear-ended while traveling on the ramp from Central Expressway onto southbound South Shoreline Boulevard. The Waymo AV driver applied braking before the merge to give way to an approaching vehicle. The passenger vehicle traveling behind collided with the rear of the Waymo AV. The Waymo AV experienced minor damage, and the other vehicle experienced minor damage to its front bumper. There were no injuries reported at the scene by either party."
Zoox,8/11/2018,2018,San Francisco,Moving,Conventional,"On Saturday, August 11th at 3:38 PM PST a Zoox vehicle, operated in manual mode, was reversing at"
Cruise,8/14/2018,2018,San Francisco,Moving,Autonomous,"A Cruise autonomous vehicle ("" Cruise AV"" ), operating in autonmous mode, was traveling southbound on Pierce Street between Ellis and Eddy Streets when a vehicle that had changed lanes to pass it on the left, turned back into the Cruise AV's lane too tightly and clipped the Cruise AV's front left radar damaging the sensor and it's casing. There were no injuries and police were not called. The driver of the other vehicle did not stop after the collision."
Cruise,8/16/2018,2018,San Francisco,Moving,Autonomous,"A Cruise autonomous vehicle("" Cruise AV"" ), operating in autonmous mode, was traveling northbound on 3rd Street between 22nd and 23rd Streets when a vehicle passing it on the left merged into the Cruise A V's lane too tightly and clipped the Cruise A V's front left radar bending the bracket that holds the sensor casing. There were no injuries and police were not called."
Waymo LLC,8/20/2018,2018,Mountain View,Stopped in Traffic,Autonomous,"A Waymo autonomous vehicle (""Waymo AV"") in autonomous mode traveling northbound on Gretel Lane in Mountain View was preparing to make a right turn when it was rear ended by another vehicle. The Waymo AV was completely stopped; the other vehicle was traveling at approximately 2 mph at the time of the collision. There was minor damage to both vehicles and no injuries reported at the scene by either party."
Waymo LLC,7/23/2018,2018,Sunnyvale,Moving,Conventional,"A Waymo autonomous vehicle (""Waymo AV"") was being driven in manual at about 3 mph when it made contact with the rear bumper of the vehicle preceding it on Vicente Road. Both vehicles were attempting to make a right turn onto Bernardo Ave. There were no injuries reported at the scene."
Waymo LLC,7/26/2018,2018,Mountain View,Moving,Autonomous,"A Waymo autonomous vehicle (""Waymo AV"") was rear-ended while stopping for a red light in autonomous mode at the intersection of northbound Central Expressway and Shoreline in Mountain View, CA. There were no injuries."
Cruise,7/31/2018,2018,San Francisco,Stopped in Traffic,Autonomous,"A Cruise autonomous vehicle ("" Cruise AV"" ), stopped in autonomous mode behind a double-parked delivery truck, was struck on its left side mirror by a passing vehicle traveling southeast-bound on 10th Street between Divison and Bryant Streets, scratching the mirror casing. There were no injuries and police were not called."
Waymo LLC,8/6/2018,2018,Palo Alto,Stopped in Traffic,Autonomous,"A Waymo autonomous vehicle (""Waymo AV"") in autonomous mode was rear-ended while traveling southeast on Middlefield Road at the Bryson Avenue intersection in Palo Alto. As the Waymo AV was stopped, the vehicle following it made contact at low speed. There were minor damages and no injuries reported at the scene by either party."
Toyota Research Institute,8/7/2018,2018,Crockett,Moving,Conventional,"A Toyota Research Institute Vehicle (the 'TRI Vehicle"") was travelling under manual control in the #1 lane on I-80 Eastbound near the Pomona Street exit in Crockett. A Hyundai attempted to change from the #3 lane to the #2 lane. The Hyundai impacted a Prius that was already in the #2 lane, which caused the Prius to enter the #1 lane, where it impacted the TRI Vehicle. The TRI Vehicle then impacted the center barrier and came to a stop in the roadway. The Hyundai stopped on the right shoulder, and the Prius eventually came to rest along the dirt embankment The California Highway Patrol responded to the scene, and the vehicles were cleared off the roadway. ATTACHED: Additional information relating the Hyundai vehicle and driver."
Cruise,8/7/2018,2018,San Francisco,Moving,Autonomous,"A Cruise autonomous vehicle ("" Cruise AV"" ), operating in autonmous mode, was involved in a collision while traveling southbound on Gough Street at the intersection with Fell Street. The Cruise AV was driving in its lane when a motorocycle tried to overtake it on the left side. As it passed the Cruise AV, the motorcycle made contact with the left side of the Cruise AV and clipped the left front articulating radar. There were no injuries. The police were called but declined to respond citing the lack of any reported injuries."
Cruise,6/29/2018,2018,San Francisco,Moving,Autonomous,"A Cruise autonomous vehicle("" Cruise AV"" ), operating in autonomous mode, was involved in a collision while traveling westbound on 17th Street through the intersection with Mission Street. The Cruise AV was struck on its left rear corner by another vehicle making a left turn from eastbound 17th Street onto Mission Street. This caused damage to the Cruise AV' s rear bumper. There were no injuries and police were not called."
Cruise,7/5/2018,2018,San Francisco,Moving,Autonomous,"A Cruise autonomous vehicle (""Cruise AV""), operating in autonomous mode, was involved in a collision while turning right from eastbound Hayes Street onto Fillmore Street. Another vehicle, while pulling out ofits parking spot behind the Cruise AV, scraped the Cruise A V's rear bumper. There were no injuries and police were not called."
Cruise,7/8/2018,2018,San Francisco,Stopped in Traffic,Autonomous,"A Cruise autonomous vehicle ("" Cruise AV"" ) while operating in autonomous mode, was involved in an incident on westbound Sutter Street at the intersection with Sansome Street when a jaywalking pedestrian approached the Cruise AV and intentionally stepped up onto the hood of the vehicle while the Cruise AV was stopped at a red light, resulting in a dent on the hood. The pedestrian then stepped off and walked away. There were no injuries and the police were not called."
Waymo LLC,7/9/2018,2018,Palo Alto,Stopped in Traffic,Autonomous,"A Waymo autonomous vehicle (""Waymo AV"") in autonomous mode was rear-ended while it was traveling northwest on Middlefield Road at Oregon Expressway in Palo Alto. The Waymo AV was approaching the right-only turn lane and came to a stop prior to the tum in reaction to a third vehicle passing on its left potentially entering into its lane, The vehicle traveling behind collided with the Waymo AV at approximately 13 mph, The Waymo AV experienced minor damage to a sensor and rear bumper. The other vehicle experienced minor damage to its front bumper. There were no injuries reported at the scene by either party."
Waymo LLC,7/19/2018,2018,Mountain View,Stopped in Traffic,Autonomous,"A Waymo autonomous vehicle (""Waymo AV"") was in autonomous mode at a red traffic light on West Middlefield Road at Rengstorff Avenue. The Waymo AV was yielding to cross traffic coming from the left when a vehicle from behind approached and made contact with the rear of the Way mo AV."
Cruise,7/20/2018,2018,San Francisco,Stopped in Traffic,Autonomous,"A Cruise autonomous vehicle (""Crui se AV""), operating in autonomous mode, was rear ended by another vehicle while stopped at a four way stop on eastbound Geary Bl vd at 42nd Street, cracking a rear plastic sensor casing of the Cruise AV. There were no injuries and the police were not called."
Cruise,6/22/2018,2018,San Francisco,Moving,Autonomous,"A Cruise autonomous vehicle (""Cruise AV""), operating in autonomous mode,was traveling westbound on El Camino Del Mar between 32nd Ave and Legion of Honor Drive. The Cruis_e AV was struck by agolf ball from a nearbygolf course causing damage to the Cruise AV's front driver windshield. There were no injuries and police were not called."
Cruise,6/3/2018,2018,San Francisco,Stopped in Traffic,Autonomous,"A Cruise autonomous vehicle (""Cruise AV"") was involved in a collision while operating in autonomous mode southbound on Hyde Street at the intersection with Washington Street. The Cruise AV was stopped waiting for traffic to clear the intersection before making a left turn onto Washington Street. Another vehicle directly behind the Cruise AV collided with the Cruise AV, damaging the center of the rear bumper. The driver of the Cruise AV later experienced stiffness in his neck, sought treatment, and was released to return to work the next day. The police were not called."
Cruise,6/11/2018,2018,San Francisco,Moving,Autonomous,"A Cruise autonomous vehicle (""Cruise AV"") was rear-ended while operating in autonomous mode on Bryant Street between 10th Street and 11th Street. The Cruise AV had just made a left turn from 11th Street onto Bryant when a second Cruise autonomous vehicle directly behind operating in conventional mode contacted the rear bumper of the Cruise AV, causing minor scuffs to both vehicles. There were no injuries and the police were not called"
Waymo LLC,6/13/2018,2018,Mountain View,Moving,Conventional,"A Waymo autonomous vehicle (""Waymo AV"") traveling on Highway 85 N inMountain View struck the median divide after the driver disengaged the vehiclefrom au tonomous mode to manual mode and allowed the vehicle to drift out of its lane while in manual mode. The Waymo A V experienced moderate damage to its front left tire and bumper. There were no other vehicl es involved and no inj uries were reported at the scene."
Aurora Innovation Inc,6/20/2018,2018,Palo Alto,Moving,Conventional,"An Aurora test vehicle was being manually driven ( conventional mode) for data collection in Palo Alto near Pagemill Rd and the 280 off-ramp at around 1:50pm on Wednesday 06/20/2018. As the driver of the Aurora test vehicle approached the end of the off-ramp, he witnessed ahead of him a squirrelenter and then stop itself in the middle of the ramp. The driver proceeded to begin a slow and steady decele ration of the Aurora test vehicle to avoid maiming the animal. A silver Lexus traveling behind the Aurora test vehicle then rear ended the test vehicle. There were no injuries and the parties exchanged information. Though the police were not called, a CHP officer was already in the vicinity addressing an abandoned vehicle. The officer consulted with the parties but ultimately concluded no further action was needed."
Waymo LLC,5/25/2018,2018,Mountain View,Stopped in Traffic,Autonomous,"A Waymo autonomous vehicle (""Waymo AV"") in autonomous mode was broadsided while stationary in a parking lot at 100 Mayfield Ave. in Mountain View, CA. The Waymo AV was stopped for approximately 65 seconds when a vehicle backing out of a parking spot made contact with the Waymo AV's driver's-side sliding door and rear quarter panel at approximately 2 mph. There were no injuries reported at the scene by either party. The operator of the Waymo AV disengaged autonomous mode while the other vehicle pulled back into the spot it had previously occupied. Both parties then exchanged information."
Cruise,5/23/2018,2018,San Francisco,Stopped in Traffic,Conventional,"A Cruise autonomous vehicle ( "" Cruise AV "" ) was involved in a collision while operating in conventional mode on Bryant Street between 10th and 11th Streets. Bryant Street is a one-way street heading northeast at that location. The Cruise AV was stopped waiting for pedestrians to clear the sidewalk before making a right turn into a driveway. A vehicle that had turned left onto Bryant Street from 11th Street coll ided with the Cruise AV, damaging the rear bumper and left rear sensor. There were no injuries and the police were not called."
Jingchi.ai,5/22/2018,2018,Sunnyvale,Stopped in Traffic,Autonomous,"The vehicle was in autonomous mode making a right turn on red from Borregas to Gibraltar at 10:50 AM Tuesday May 22, 2018. The car came to a complete stop, proceeded slowly and then stopped again to yield for other traffic. The other vehicle collided with the rear bumper ofthe autonomous vehicle while the autonomous vehicle was at a stop. The other vehicle was moving"
Cruise,5/22/2018,2018,San Francisco,Moving,Autonomous,"A Cruise autonomous vehicle (""Cruise AV"") was involved in a collision while operating in autonomous mode on the northbound side of Powell Street between Washington and Jackson Streets. The Cruise AV was stopped waiting for a pedestrian to clear the crosswalk then initiated a right turn onto Jackson Street. Another vehicle directly behind the Cruise AV rear ended the Cruise AV, damaging the rear bumper. There were no injuries and the police were not called."
Cruise,5/13/2018,2018,San Francisco,Stopped in Traffic,Autonomous,"A Cruise autonomous vehicle (""Cruise AV""), was involved in a collision while operating in autonomous mode, on the northbound side of Franklin Street between Vallejo and Green Streets. The Cruise AV was stopped waiting to maneuver around a double-parked vehicle. Another vehicle directly behind the Cruise AV attempted to pass the Cruise AV on the left, and in doing so clipped the left rear cornerof the Cmise AV as it passed , damaging the bumper and left rear sensor. The other vehicle did not stop. One of the Cruise AV testers sitting in the front passenger seat later reported stiffness in his neck but did not seek medical treatment. The police were not called."
Waymo LLC,4/6/2018,2018,Mountain View,Stopped in Traffic,Autonomous,"A Waymo autonomous vehicle (""Waymo AV"") in autonomous mode was rear-ended while stopped at a red light at the intersection of north Grant Rd and Covington Rd in Mountain View, CA. The Waymo AV was stopped for approximately 9 seconds when a vehicle approaching from behind made contact with the rear bumper of the A V at approximately 3 mph. There were no injuries reported at the scene by either party. The police were notified that the driver of the other vehicle left the scene without exchanging vehicle and insurance information."
Cruise,1/2/2018,2018,San Francisco,Moving,Conventional,"This statement is amended from the original filed on 1/10/2018 to correct the phrase ""sustained some damage to its right rear light"" by replacing the phrase with ""sustained some damage to its left rear light"". A Cruise autonomous vehicle (""Cruise AV""), operating in autonomous mode, was involved in a collision while making a right hand turn from northbound Valencia Street onto 16th Street. The Cruise AV was stopped at a green light in between crosswalks of Valencia Street and 16th Street, waiting for pedestrians to cross over 16th Street. A different pedestrian from the southwest corner of Valencia and 16th ran across Valencia Street, against the ""do not walk"" symbol, shouting, and struck the left side of the Cruise AV's rear bumper and hatch with his entire body. There were no injuries but the Cruise AV sustained some damage to its left rear light. The police were not called."
Cruise,1/8/2018,2018,San Francisco,,Conventional,"A Cruise autonomous vehicle (""Cruise AV""), operating in autonomous mode, was involved in a collision while traveling northbound on Kansas Street just past the intersection with Mariposa Street. The Cruise AV was driving in its lane when a cargo truck tried to overtake it on the left side. As it passed the Cruise AV, the truck clipped the Cruise A V's left front articulating radar. There were no injuries. The parties exchanged information. The police were called but declined to respond citing the lack of any reported injuries."
Zoox,1/18/2018,2018,San Francisco,Stopped in Traffic,Autonomous,"A Hyundai rear-ended a stationary Zoox autonomous vehicle (""Zoox A V11 ) that was operating in Autonomous Mode when struck. The collision occurred while the Zoox AV was traveling westbound on Pacific A venue, intending to make a right turn at a green light onto Sansome St. The Zoox AV had slowly decelerated from a low speed and stopped, waiting for a pedestrian to clear the intersection, when the Hyundai1 s front, passenger-side bumper made contact with the Zoox A V'sdriver-side rear bumper and sensor. At the time of collision, the Hyundai was traveling at just under 4 MPH and was slightly accelerating towards the Zoox AV prior to impact."
Cruise,1/28/2018,2018,San Francisco,Stopped in Traffic,Conventional,"A Cruise autonomous vehicle (""Cruise AV""), operating in manual mode, was stopped behind a taxi on Duboce Avenue just past Guerrero. The driver of the taxi exited his vehicle, approached the Cruise AV, and slapped the front passenger window, causing a scratch. There were no injuries and police were not called."
Drive.ai Inc,1/29/2018,2018,San Jose ,Moving,Conventional,"A Drive.ai test vehicle was being manually driven ( conventional mode) for data collection in downtown San Jose at around 3:30pm on Monday 1/29. The vehicle was traveling southwest on Reed St. near 2nd St at the time of the incident. The right lane was blocked offby some construction equipment. Due to driver error, the front right section of the NV200 impacted a stationary piece of construction equipment at 17 mph. The front right corner of the test vehicle sustained damage; the piece of construction equipment was not damaged. There were no injuries as a result of the incident."
Cruise,2/16/2018,2018,San Francisco,Moving,Conventional,"A Cruise autonomous vehicle (""CrUise AV""), operating in conventional mode, was moving slowly in traffic eastbound on 14th Street just past Guerrero Street when a vehicle merged in front of the Cruise AV and in doing so made contact with Cruise A V's front left sensor. The plastic casing of the sensor was damaged. The other vehicle did not stop. The driver of the Cruise AV called the police to report the event, but the police were not dispatched."
Cruise,2/20/2018,2018,San Francisco,Moving,Autonomous,"A Cruise autonomous vehicle ( ""Cruise AV""), operating in autonomous mode, was completing a left turn from North Point Street onto The Embarcadero. A vehicle behind the Cruise AV also turning left onto The Embarcadero tried to pass the Cruise AV on the left, and while passing turned back into the Cruise A V ' s lane too tightly and clipped the Cruise AV's front left sensor. damaging the sensor and the other vehicle's front right passenger door, There were no injuries and po1ice were not called."
Cruise,3/14/2018,2018,San Francisco,Moving,Autonomous,"A Cruise autonomous vehicle. (""Cruise AV""), was involved in a collision while operating in autonomous mode, traveling westbound on McAllister Street at the intersection of Polk Street. Another attempted er vehicle to pass the Cruise AV on the right but crossed. intoits lane, scraping the Cruise A V's right sensor. There were no injuries and police were not called"
Cruise,3/19/2018,2018,San Francisco,Moving,Autonomous,"A Cruise autonomous vehicle (""Cruise AV""), was involved in a collision while operating in autonomous mode, making a left turn onto Hawthorne from Howard Street. A van directly behind the Cruise AV continued straight from the same left turn only lane, clipping the back right of the Cruise AV as it passed and damaging the bumper and back right sensor. The driver of the van did not stop. There were no injuries and police were not called."
Cruise,3/24/2018,2018,San Francisco,Moving,Autonomous,"A Cruise autonomous vehicle (""Cruise AV""), was involved in a collision while operating in autonomous mode, driving eastbound on Francisco Street between Broderick and Divisadero. While approaching a stop sign, the Cruise AV was rear ended causing damage to the rear bumper. The driver ofthe Cruise AV later experience stiffness in his neck, sought treatment and was released to return to work. The police were not called."
Cruise,3/24/2018,2018,San Francisco,Moving,Autonomous,"A Cruise autonomous vehicle (""Cruise AV""), was involved in a collision while operating in autonomous mode, driving westbound on Sutter Street. As the Cruise AV was approaching the intersection with Grant A venue, a cyclist approached, splitting the lane and riding in the wrong direction on the lane line between the Cruise AV and a row of parked cars adjacent to the Cruise AV. The Cruise AV slowed as the cyclist approached and passed, and during this time a taxi driving behind the Cruise AV bumped into the rear ofthe Cruise AV, causing scratches and a dent to the Cruise AV. The taxi driver initially pulled over to check for damage to his vehicle, but then drove away without exchanging information. There were no injuries and police were not called."
Cruise,3/27/2018,2018,San Francisco,Moving,Autonomous,"A Cruise autonomous vehicle (""Cruise AV""),was involved in a collision while operating in autonomous mode, traveling in heavy traffic northbound on Ninth Street between Howard and Folsom Streets. A vehicle behind the Cruise AV was changing multiple lanes from the lane to the right of the Cruise AV across to the lane to the left of the Cruise AV. While completing that movement, the other vehicle clipped the corner ofthe Cruise A V. There were no injuries and the police were not called."
Cruise,3/29/2018,2018,San Francisco,Moving,Conventional,"A Cruise autonomous vehicle (''Cruise A V''), was involved in a collision while operating in conventional mode, on southbound Powell Street at the intersection with Vallejo Street. As the Cruise AV was stopped at the four-way stop. a scooter turning right onto Powell from westbound Vallejo lost control and collided with the Cruise AV, damaging the left side view mirror. The scooter driver appeared to have scraped her legs, but did not seek medical attention. The police were not called."
Cruise,10/18/2017,2017,San Francisco,Stopped in Traffic,Autonomous,"A Cmise autonomous vehicle (""Cruise AV""), operating in autonomous mode, was involved in a collision while heading west on 17th Street as it traversed the intersection with Folsom Street. As the Cmise AV passed through the intersection, a scooter came up from behind the Cmise AV and used the right-tum only lane to pass the Cruise AV on its passenger side. The scooter entered the Cruise AV' s lane in front of the AV, and in response the Cruise AV stopped. At the same time, an oncoming Subaru Jmpreza attempted to tum left from 17th Street to Folsom $tree! northbound. As the Subaru turned behind the Cruise AV, the Subaru clipped the rear, driver's-side comer of the Cruise AV. The parties proceeded out of the tt·affic lane and exchanged information. The police were not called."
Cruise,10/20/2017,2017,San Francisco,Moving,Autonomous,"A Cruise autonomous vehicle (""Cruise AV""), operating in autonomous mode, was involved in a collision while heading south on Noe Street. As the Cruise AV crossed the intersection with Henry Street1 the driver of a Toyota Land Cruiser behind the Cruise AV drove into the oncoming Iai-ie in an effort to overtake the Cruise AV. At this point, the driver of the Cruise AV took over manual control. As the Toyota cut back into the forward lane of travel, the Toyota scraped the sensor on the Cruise A V's front, driver's-side comer. The Toyota continued through the intersection and left the scene without exchanging information. A passenger in the Crnise AV called the police to report the Incident as a hit-and-run. The police responded but no report was available at the time of the filing of this report."
Cruise,10/26/2017,2017,San Francisco,Stopped in Traffic,Autonomous,"A Cruise autonomous vehicle (""Cruise AV""), operating in autonomous mode, was involved in a collision while traveling north in the right lane of 5th Street between Mission Street and Market Street. A white Honda Accord, finding a gap in the slow-moving but heavy traffic, turned left from Stevenson Street onto 5th Street directly behind the Cruise AV. When the Cruise AV decelerated to merge into the left lane, the driver of the Honda Accord-who appears to have been distracted, looking at a person standing on the sidewalk-failed to notice and rear-ended the Cruise AV. The parties proceeded out of the traffic lane and exchanged information. The police were not called."
Cruise,11/13/2017,2017,San Francisco,Moving,Autonomous,"""A Cruise autonomous vehicle (""Cruise AV""), operating in autonomous mode, was involved in a collision while traveling northeast in the middle lane on Folsom Street at the intersection with 11thStreet. While passing through the intersection at 11thStreet, the Cruise AV followed the lane markings, which shift to the left as the road transitions to a one-way street starting east of 11th Street. All lanes on Folsom Street shift left that that intersection and are clearly marked. A Toyota Camry traveling behind and to the left of the Cruise AV, and gaining on the Cruise AV, did not shift left with its lane and instead crossed over its lane boundary and lightly swiped the side of the Cruise AV. The operator of the Cruise AV disengaged from autonomous mode just prior to the impact. There were no injuries and the police were not called."""
Cruise,12/7/2017,2017,San Francisco,Moving,Autonomous,"A Cruise autonomous vehicle (""Cruise AV""), operating in autonomous mode in heavy traffic, was involved in a collision while traveling east on Oak Street just past the intersection with Fillmore Street. The Cruise AV was traveling in the center of three one-way lanes. Identifying a space between two vehicles (a minivan in front and a sedan behind) in the left lane, the Cruise AV began to merge into that lane. At the same time, the minivan decelerated. Sensing that its gap was closing, the Cruise AV stopped maldng its lane change and returned fully to the center lane. As the Cruise AV was re-centering itself in the lane, a motorcycle that that had just lane-split between two vehicles in the center and right lanes moved into the center lane, glanced the side of the Cruise AV, wobbled, and fell over. At the time of the collision, the Cruise AV was traveling with the flow of traffic at 12mph, while the motorcycle was traveling at approximately 17mph. The motorcyclist got up and walked his vehicle to the side of the road, where the parties exchanged information. 911 was called pursuant to Cruise policy. The motorcyclist reported shoulder pain and was taken to receive medical care, and a police report was taken. As reported in Traffic Collision Report#l70989746, the motorcyclist was determined to be at fault for attempting to overtake and pass another vehicle on the right under conditions that did not pennit that movement in safety in violation of CVC 21755(a)."
Zoox,9/27/2017,2017,San Francisco,Moving,Conventional,"A Nissan Altima made a left turn into a Zoox autonomous vehicle (""Zoox AV"") that was operating in conventional mode when struck. The collision occurred while the Zoox AV was traveling straight, eastbound, through the intersection at Battery and Green Streets with the right-of-way. The driver of the Nissan Altima was distracted when it turned into and collided with the driver's side passenger door of the Zoox AV. The police were called, but citing a lack of injury, did not respond to the scene."
Cruise,10/7/2017,2017,San Francisco,Moving,Autonomous,"A Cruise autonomous vehicle (""Cruise A V""), operating in autonomous mode, was rear-ended on 14th Street. The CruiseAV, in the right of two eastbound lanes, was traversing the intersection at Valencia Street. Slightly ahead in the left lane next to the Cruise AV, a vehicle drifted into the Cruise A V's lane. The Cruise AV responded by decelerating, and was rear-ended by a Honda Accord. The parties exchanged information. The driver of the Accord apologized, saying that a leg cramp prevented him from braking sufficiently. The police were not called."
Cruise,10/12/2017,2017,San Francisco,Moving,Autonomous,"A Cruise autonomous vehicle (""Cruise A V""), operating in autonomous mode, was rear-ended while going through a green light on Bush Street at Montgomery Street. As the Cruise AV passed through the intersection, a pedestrian looking at his cell phone approached the crosswalk in front of the Cruise AV. The Cruise AV responded by decelerating, and was rear-ended by a Toyota Corolla. The parties exchanged information, though the driver of the Corolla lacked insurance information. The police were not called. No injuries were reported at the scene by either party. A Cruise AV test driver later sought medical evaluation for shoulder stiffness."
Cruise,10/16/2017,2017,,Moving,Autonomous,"A Cruise autonomous vehicle (""Cruise AV""), operating in autonomous mode, was involved in a collision while heading eastbound on 15th Street toward Harrison Street. The Cruise AV had stopped briefly, initially to simulate the pick-up of a ridesharing customer and then to allow oncoming traffic to pass on the narrow street. After the oncoming traffic cleared, the Cruise AV began to proceed. At the same time, from behind the Cruise AV the driver of a Ford F250 pickup truck drove into the oncoming lane and began passing the Cruise AV. While overtaking the Cruise AV, the F250 clipped a sensor on the front, driver's-side comer of the Cruise AV. The parties exchanged information. Though the police were not called, an officer passing by stopped to consult the parties and concluded no further action was required."
Cruise,10/17/2017,2017,San Francisco,Stopped in Traffic,Autonomous,"A Cruise autonomous vehicle (""Cruise AV""), operating in autonomous mode, was involved in a collision while traveling in the right lane on Mission Street between Plum Street and South Van Ness Avenue. In heavy stop-and-go traffic, the Crnise AV allowed a delivery van to merge into traffic from a gas station parking lot, then with a green light the Cruise AV proceeded forward. A pedestrian walking against traffic, off of the sidewalk and in the Cruise AV' s lane, began to cross the street directly in front of the Cruise AV. The Cruise AV slowed to a complete stop, and a Mazda Protege 5 entering traffic from the same gas station re.:TI-ended the Cruise AV. The parties proceeded out of the traffic lane and exchanged information, although the driver of the Protege lacked license information. The police were not called."
Cruise,9/12/2017,2017,San Francisco,Stopped in Traffic,Conventional,"A Cruise autonomous vehicle (""Cruise AV""), operating in conventional mode, was involved in an incident while traveling eastbound on Harrison Street between 12th and 11th Streets. The Cruise A V's driver observed a cyclist traveling in the wrong direction toward the Cruise AV. The cyclist was waving his hands and swerving severely; he appeared to be intoxicated. The driver brought the Cruise AV to a complete stop. The cyclist continued weaving toward the Cruise AV, collided with the Cruise A V's front-right bumper, and fell over. After getting to his feet, the cyclist picked up his bike and deliberately hit the bike's front tire into the passenger side of the Cruise AV. He then pulled on a sensor on the Cmise A V's rear, passenger-side, causing minor damage. With the cyclist off to the side of the vehicle, the driver of the Cruise AV slowly pulled away from the interaction. Police were not present or called to the scene,"
Cruise,9/15/2017,2017,South San Francisco,Moving,Conventional,
Cruise,9/18/2017,2017,San Francisco,Moving,Autonomous,"A Cruise autonomous vehicle (""Cruise A V""), operating in autonomous mode, was rear-ended while traveling on Bay Street at Columbus -----­ Avenue, The Cruise AV was stopped at a red Hght in the left of two eastbound lanes, When the light turned green, the Cruise AV began to proceed forward toward the intersection. In the right lane, another vehicle drifted within its lane toward the Cruise AV. The Cruise AV responded by decelerating, and a car following closely behind rear-ended the Cruise AV, The parties exchanged information. The police were not called."
Cruise,9/12/2017,2017,San Francisco,Stopped in Traffic,Autonomous,"A Cruise autonomous vehicle (""Cruise AV11 ), operating in autonomous mode, was rear-ended by a white Ford Ranger while waiting at a stop light on I 0th Street, southbound between Bryant and Division Streets. The Ranger crept forward slowly into the Cruise AV, which was completely stationary at the time of the collision. The parties exchanged information and the driver of the Ranger apologized, adding that he was on his cell phone. The police were called but, citing the lack of any injury, declined to respond to the scene."
Cruise,9/21/2017,2017,San Francisco,Moving,Autonomous,"A Cruise autonomous vehicle (""Cruise AV11 ), operating in autonomous mode, was rear-ended by a white Volvo V40 while turning left from 5th Street onto Bryant Street. The Cruise AV was the lead car in the right of two left-tum lanes; the Volvo was directly behind. Both vehicles were stopped at a green light and were waiting to turn left. The signal changed, giving the vehicles a green left-tum arrow. The Cruise AV began making the tum and was then rear-ended by the Volvo. The parties exchanged information. The police were not called."
Cruise,2/16/2017,2017,San Francisco,Moving,Autonomous,"A eruiSe anh:nlonious vchklc: (11Cmisc A vn} ·was iilvolv'ed ill an a-ccidcnt'iri San FfitnC.fsco While: travqUing .eastb9UllP on Golden O.ale. /I. venue· betw~en Webster andBlichm;an sb·eets, The C\~1isc A V vvas ·operating ih auioriomous 1\10de ~t thinhne of the aci:idctit. The intersection at Buchanan docs no!' allow-for v< Toyota-reported injuries-at the scone,, and the dviver·ofthc ·suf;aru inieruled tq se~k medical evaluation for knq~·pain from .!he collision, Tim Cruise whicle.·sustaitied nlinimal·ctamagc W-its rear bumpei:: The·Toyota-sustaincdminor visible damage to-jts front and rear bumpers. Tli"
Cruise,3/22/2017,2017,San Francisco,Moving,Autonomous,"A Cmise autonomous vehicle (""Cmise A V"") was traveling southbound on Tenth Street in San FrancisCo in autonomous mode. The Cmise A V was stopped at a red light with a Mercedes behind it, also stopped. The Cruise A V began moving fotward after the light turned green and was traveling at 2 mph when the Mercedes collided with the rear of the Cmise AV. The approximate speed ofthe Mercedes at the time of impact was 4 mph. None of the occupants ofthe Cmise AV or Mercedes reported injuries at the scene. The Cmise AV sustained minor damage to its rear bumper. The Mercedes sustained minor visible daaiagc to its front bumper."
Waymo Auto LLC,8/26/2017,2017,Palo Alto,Moving,Conventional,"A Waymo au_tonornous vehicle ( 0 Waymo AV11) in manul travelling eas_tbound in the left hme on Alnla Street in Palo Alto was involved in a minor collision. The Waymo AV was in autonomous mode when a vnbicle ahead of it swerved righl to avoid an object in the road. The driver of the Wayrno AV then disengaged m1d began to change 1a.t1es to the right.to avoid the object. The V:;laymo AVs rear.bumper then scraped the front left bumper of a van proceeding in the adj_acent right lane, The Waymo AV was travelling at approximately 21 mph while the other vehicle was travellhig at approximately 26 mph at the time of the cO:Hision, The Waymo AV experienced ml.nor damage to its rear bumper. The other vehicle experienced minor damage to its front bumper, There were no injuries repmted at the scene by either party,"
UATC LLC,8/16/2017,2017,San Francisco,Stopped in Traffic,Conventional,"An Uber Volvo XC 90 registered under the DMV testing program (""Uber SOY"") was eastbound on Geary Blvd preparing to make a right turn onto 3rd Ave. The vehicle operator disengaged the combined advanced driver assist systems on the vehicle to wait for pedestrians before making a right tum onto 3rd Ave. While the Uber SDV was stopped, a Toyota Tacoma impacted the rear of the Uber SDV. Tiie collision caused minor damage lo the vehicle's rear hatch and bumper and scuffed the Tacoma's bumper. No injuries were reported onsite. Police were not called. The Uber SDV co-pilot later reported wrist discomfort."
Cruise,7/6/2017,2017,San Francisco,Moving,Autonomous,":A G""nlise ~ut.onqmovs vehicle (''Cruise; A.Vn) Was· involve~! in·:~ co IIi~ ion. on 19th Street atShoiwcU su·eet. 'The Cruis0:A v} hDading \vd~t; was sl_ow.ing ~~wn·as·.i~:appr~?uc~e~-ih~·f~ur-way Slt?P~.at whipli·pqlnt the, ddver.b.f{l -pi~k::up,truck.be.htnd·the C:rui~o A. V drove·intQ·the .OticOrrdng ·IatiC.and.began pnsslng tbe""CrUise AV. W·hH~.dl'lying.p~stthe Cruise AV~ thp·truck ctlppt;.d, the Crui~~,/~.V s.fiont qriver1 s-side ·ccirnoi· and coiJtjuued.thi:oUgh·thc·i~te""rse""ctimi in·the o·pPositC·hme of-tt;avCI. The.partles stop·ped and cx.c~aD;gcd int9.rm~1:i~n.at'ter the· intcrs~ction. Poljce were. c.allcd ~o thc.scen.e but pi.i report was Created."
Cruise,6/28/2017,2017,San Francisco,Moving,Autonomous,
Cruise,6/7/2017,2017,San Francisco,Moving,Autonomous,"A Cnlise auto11omous vehicle (""Cn1ise A V"") was involved in a co11isJon on Van Ness Avenue. The Cruiso A V was -traveling northbound at 7 mph when a bus merged into the lane in front of the Crulse AV. The Cmise AV braked, and a wbite minivan ~1nt had been closely following ran into the back of the Crulse A V. Police were not p.rese:ntor called to the scene."
Cruise,5/25/2017,2017,San Francisco,Moving,Autonomous,"A Cruise autonomous vehicle (""Cruise A V"") was traveling northbound on 11 th Street in San Francisco in autonomous mode, turning left onto Mission Street in the outer of two left tum lanes . During the tum, a vehicle in the inner of the two left tum lanes began to cut in front of th e Cruise A V. The Cruise A V braked, and a bike that had been closely cross ing behind the rear of the Cruise A V ran into the b ack of the Cmise A V. Police were not present or called to the scene . None of the occupants of the Cruise AV were injured. The Cruise AV occupants observed th at the cyclist scraped hi s knee. At the time, the cyclist stated an intention to seek medical evaluation, but declined to seek emergency assistance. There was a minor scratch on the A V, and the bicycle had no visible damage."
Google Auto LLC,3/26/2017,2017,Mountain View,Moving,Autonomous,"A Waymo Lexus-model autonomous Vehicle (""Waymo AV"") was involved in a collision while in autonomous mode in the left tum lane on SB Shoreline near El Camino in Mountain View, CA. The Waymo AV was rear-ended by a Toyota Camry while slowly creeping forward with traffic at the red light. The Waymo AV was travelling around 1 MPH at the time of collision, the Camry was travelling around 7 MPH at moment of collision. The Waymo A V had minor damage to its rear bumper, the Camry had minor damage to its front bumper."
Cruise,3/23/2017,2017,,,Autonomous,"A Cruise autonomous vehicle (""Cruise A V"") was traveling westbound on Broadway in San Francisco in autonomous mode and was in the process of passing a mobile crane truck that was double parked, blocking the westbound lane. Dming this maneuver, a Ford F-250 approached and simultaneously went around both the Cruise A V and the crane truck. While the Ford made its pass, the Cruise AV stopped. As the Ford completed its pass and turned back into the forward lane of travel, the Ford clipped the front, driver's side sensor of the Cruise A V. At the time of impact, the Cruise A V was stopped and the Ford was traveling at approximately 4 miles per hour. None of the occupants of the Cruise AV or Ford were inj ured. The Cruise AV sustained minor damage to its front, driver's side sensor and mount. The Ford sustained minor visible damage to its rear, passenger's side tire."
Google Auto LLC,4/19/2017,2017,Palo Alto,Moving,Conventional,"A WAYMO LEXUS-MODEL AUTONOMOUS VEHICLE (""WAYMO AV"") MADE CONTACT WITH A CURB WHILE IN MANUAL MODE ON MIDDLEFIELD ROAD AT OREGON EXPRESSWAY IN PALO ALTO, CA. THEWAYMOAVWAS TRAVELING EASTBOUND IN AUTONOMOUS MODE IN THE RIGHTMOST LANE OF MIDDLEFIELD ROAD. AS THE VEHICLE CROSSED OREGON EXPRESSWAY, THE WAYMO AV AUTONOMOUS SYSTEM DETECTED THE VEHICLE IN THE LEFT ADJACENT LANE BEGIN TO DRIFT TO THE RIGHT, TOWARD THE WAYMO AV. THEWAYMO AV NUDGED TO THE RIGHTMOST SIDE OF ITS LANE. AS THE LEFT ADJACENT VEHICLE CONTINUED TO DRIFT TOWARDS THEWA YMO AV, THE WA YMO A V TEST DRIVER TOOK MANUAL CONTROL. THEWA YMO AV'S FRONT PASSENGER-SIDE TIRE THEN MADE CONTACT WITH THE RIGHT CURB, CAUSING IT TO DEFLATE. THE OTHER VEHICLE THEN STRAIGHTENED ITS TRAJECTORY IN ITS LANE AND CONTINUED ON. THERE WERE NO INJURIES REPORTED."
Cruise Automation Inc.,1/8/2016,2016,San Francisco,Moving,Conventional,"A cruise Nissan. Leaf autonomous vehicle (""Cruise AV"") was in autonomous mode traveling north at approximately 20 miles per hour in the right lane- of 7th Street. The vehicle began moving within its lane to the left, and then began correcting to the right, at which point the driver decided to take over manual control. After taking over manual control, the operator did riot change the path of the vehicle and collided with an unoccupied Toyota Prius that was parallel parked on 7th Street approximately 20 feet before the intersection with Bryant Street. The Prius sustained minor visible damage to the front left quarter panel area. The Cruise AV sustained minor visible damage to the front right quarter panel area. There were no injuries."
Google Auto LLC,2/14/2016,2016,Mountain Veiw,Moving,Autonomous,"A Google Lexus-model autonomous vehicle (""Google AV"") was traveling in autonomous mode eastbound on El Camino Real in Mountain View in the far right-hand lane approaching the Castro St. intersection. As the Google AV approached the intersection, it signaled its intent to make n right turn on red onto Castro St. The Google AV then moved to the right-hand side of the lane to pass traffic in the same lane that was stopped at the intersection and proceeding straight. However, the Google AV had to come to a stop and go around sandbags positioned around a storm drain that were blocking its path. When the light turned green, traffic in the lane continued past the Google AV. After a few cars had passed, the Google AV began to proceed hack into the center of the lane to pass the sand bags. A public transit bus was approaching from behind. The Google AV test driver saw the bus approaching in the left side mirror but believed the bus would stop or slow to allow the Google AV to continue. Approximately three seconds later, as the Google AV was reentering the center of the lane it made contact with the side of the bus. The Google AV was operating in autonomous mode and traveling at less than 2 mph, and the bus was travelling at about 15 mph at the time of contact. The Google AV sustained body damage to the left front fender, the left front wheel and one of its driver's-side sensors, there were no injuries reported at the scene."
Google Auto LLC,4/7/2016,2016,Palo Alto,Stopped in Traffic,Autonomous,"A Google Lexus model autonomous vehicle (""Goggle AV"") was travelling southbound on Bryant St. in palo alto in autonomous mode and was stopped behind traffic at the red light intersection of Oregon Expy. A vehicle attempting to pass on the right shoulder very slightly contacted the Goggle AV, the other vehicle's left side-view mirror grazed the passenger side of our vehicle. there were no injuries reported at the scene by either party. The Goggle AV sustained no damage and the other vehicle's left side-view mirror was slightly folded in."
Google Auto LLC,4/28/2016,2016,Palo Alto,Stopped in Traffic,Autonomous,"A Google prototype model autonomous vehicle (""Google AV"") proceeding westbound in autonomous mode on Nita Avenue in Palo Alto was involved in an accident. The Google AV came to a stop at the intersection of San Antonio Road, then, prior to making a right turn on San Antonio Road, began to gradually advance forward in order to get a better view of traffic approaching from the left on San Antonio Road. When the Google AV stopped in order to yield to traffic approaching from the left on San Antonio Road, a vehicle approaching at approximately 9 mph from behind the Google AV collided with the rear bumper of the Google AV. There were no injuries reported by either party at the scene. Both vehicles sustained minor damage."
Google Auto LLC,5/4/2016,2016,Mountain View,Moving,Conventional,"A Google prototype autonomous vehicle (""Google AV"") in manual mode proceeding westbound on Latham St. in Mountain View struck a median while traveling at 9 mph near the intersection of Chiquita Ave. There were no other vehicles involved and no traffic in the vicinity. There were no injuries. The Google AV sustained minor damage."
Nissan North America Inc.,5/10/2016,2016,Sunnyvale,Moving,Conventional,"The AV (subject vehicle) Driver was on Highway 101 S between NASA Ames Research Center and Exit 237 to Sunnyvale, at approximately 3:00 pm on Tuesday May 10, 2016. The AV functions of the subject vehicle were not engaged at the time (conventional mode). The subject vehicle had one passenger in the back seat. There was heavy traffic traveling at 20-40 mph. The car traveling directly ahead of the subject vehicle stopped suddenly. The subject vehicle impacted the stopped vehicle at low speed. Both drivers pulled over to the shoulder of the road. No injuries were reported by either vehicle occupant in this minor crash. No airbags deployed in the crash. Except for minor scuff marks on the leading vehicle's rear bumper, no other body damage was observed. After exchange of information, both vehicles were driven away from the scene. The police were not called. No other vehicles were involved."
Google,7/15/2016,2016,Los Altos,Stopped in Traffic,Autonomous,"A Google prototype autonomous vehicle (""Google AV"") operating in autonomous travelling westbound on Cuesta Dr. in Los Altos, CA was involved in an accident. The Google AV was stopped at the stop sign at the intersection of Cuesta Dr. and Spinger Rd. when a vehicle approaching from behind in the same lane collided with the Google AV. The other vehicle was traveling at approximately 7 mph when it struck the Google AV. The Google AV sustained minor damage to its rear hatch and rear sensor. Google was unable to determine whether or not the other vehicle sustained any damage. There were no injuries reported at the scene. The driver of the vehicle left the scene without exchanging information. Police were notified of the incident."
Google Auto LLC,8/8/2016,2016,Mountain View,Moving,Conventional,A Google prototype autonomous vehicle (Google AV) operating in manual mode traveling eastbound on California Rd. in Mountain CA was involved in a minor Accident. The Google AV was stopped at the intersection of Rengstorff Ave; Waiting for pedestrians on Rengstorff Ave. to complete their crossing before it could turn right onto Rengstorff Ave. Another vehicle approaching from behind collided with the rear bumper of the Google AV. The other vehicle was traveling at approximately 4 MPH at the time of the collision. The Google AV sustained minor damage to its rear hatch and bumper. There was no visible damage to the other vehicle. Neither party reported any injuries at the scene.
Google,8/16/2016,2016,,Stopped in Traffic,Autonomous,"A Google Prototype autonomous vehicle (""Google AV"") travelling southeastbound on Phyllis Ave. in Mountain View in autonomous mode was involved in an accident. In preparation for making a right turn onto Grant Rd., the Google AV entered the right-turn slip lane and advanced forward at 6 Mph to gain a better view of traffic travelling southbound on Grant Rd. As the Google AV moved forward, it detected a vehicle approaching southbound on Grant Rd. and came to a stop to yield to that vehicle. Approximately one second later, a vehicle approaching from behind the Google AV at approximately 5 Mph collided with the rear bumper of the Google AV. The Google AV experienced moderate damage to its rear bumper and hatch, The, other vehicle experienced mild damage to its front bumper. There were no injuries reported at the scene by either party."
Google Auto LLC,9/2/2016,2016,Mountain View,Stopped in Traffic,Autonomous,"A Google prototype autonomous vehicle (""Google AV"") travelling southeast on Phyllis Ave. in Mountain View in autonomous mode was involved in an accident. In preparation for making a right turn onto Grant Rd., the Google AV entered the right-turn slip lane and advanced forward to gain a better view of traffic traveling southbound on Grant Rd: As the Google AV moved forward, it detected an oncoming vehicle (traveling southbound on Grant Rd.) and came to a stop in order to yield to the oncoming vehicle. Approximately one second later, a vehicle approaching from behind the Google AV collided with the rear bumper of the Google AV at an approximate speed of 15 mph. The"" Google AV experienced moderate damage to its rear bumper and hatch. The other vehicle experienced minor damage to its front bumper. There were no injuries reported at the scene by either party."
Google,9/7/2016,2016,Palo Alto,Moving,Autonomous,"A Google prototype autonomous vehicle (""Google AV"") proceeding westbound in autonomous mode on Nita Avenue in Palo Alto was involved in an accident. The Google AV came to a stop at the intersection of San Antonio Road, then, in preparation for making a right turn on San Antonio Road, began to gradually advance forward in order to gain a better view of cross-traffic. A 12-passenger shuttle van waiting immediately behind the Google AV then advanced forward at approximately 7 mph and collided with the rear bumper of the Google AV. The Google AV was travelling at approximately 3 mph at the time of the collision. The Google AV experienced minor damage to its rear bumper and hatch. The other vehicle experienced minor damage to its front bumper and right headlight. There were no injuries reported at the scene by either party."
Google Auto LLC,9/14/2016,2016,Los Altos,Moving,Conventional,"A Go ogle prototype autonomous vehicle (""Google A V "") traveling eastbound in manual mode on El Camino Real in Los Altos was involved · in an acc ident . As the Google A V was completing a l ane change in auto nomous mode from the fat right lane tci the middle lane ofEl Camino Real near the intersection of Showers Drive, a car stopped in traffic in the far left lane of El Camino Real abrup tly changed lanes into the middle lane, immediately in front of the Google A V: The Google A V test driver took manual control of the Google AV and quickly merged back into the far rightlane to avoid the vehicle, Another vehicle approaching from behind in the .right lane ofEl Camino Real then struck the rear passenger side quarter panel of the Google AVat approximately 23. mph. The Go ogle AV was travelling at approximately 14 mph at the time of the collision . The Google AV sustained minor damage to its rear passenger-side tire, quarter panel, and door. The other vehicle sustained moderate damage to its front bumper and fron t driver-side fender. There were no injuries reported at the scene by either party_"
Google Auto LLC,9/23/2016,2016,Mountain View,Moving,Autonomous,"A Google Lexus autonomous vehicle (""Google AV"") traveling southwest in autonomous mode on Rengstorff Ave. in Mountain View was involved in an accident. As the Google AV made a left turn onto El Camino Real from the outside left turn lane, another vehicle in the inside left turn lane also turning left onto El Camino Real crossed into the outside left turn lane and collided with the driver's side of the Google AV. The Google AV test driver immediately disengaged the autonomous technology, took manual control of the vehicle and brought it to a stop at the side of El Camino Real. The Google AV sustained damage to its driver-side doors. The other vehicle sustained damage to its front bumper. The Google AV was traveling approximately 20 mph and the other vehicle was traveling approximately 15 mph at the time of the collision. There were no injuries reported at the scene by either party."
Google Auto LLC,10/26/2016,2016,Mountain View,Moving,Autonomous,"A Google prototype autonomous vehicle (""Google A V"") traveling southbound in autonomous mode on Shoreline Boulevard in Mountain View was involved in an accident. The Google AV entered a slip lane in order to tum right onto El Camino Real and came to a stop to yield to westbound traffic on El Camino Real. As the Google A V began to move forward onto El Camino Real, another vehicle immediately behind the Google AV collided with the rear of the Google AV. At the time of the collision, the Google AV was traveling at approximately 3 mph, and the other vehicle was traveling at approximately 6 mph. The Google A V sustained minor damage to its rear hatch. The other vehicle sustained minor damage to its front bumper. There were no injuries reported by either party at the scene"
Google Auto LLC,12/11/2016,2016,Mountain View,Moving,Conventional,"A Google Lexus autonomous vehicle (""Google AV"") traveling southwest in autonomous mode on Rengstorff Ave. in Mountain View was involved in an accident. As the Google AV made a left turn onto El Camino Real from the outside left turn lane, another vehicle in the inside left turn lane also turning left onto El Camino Real crossed into the outside left turn lane and collided with the driver's side of the Google AV. The Google AV test driver immediately disengaged the autonomous technology, took manual control of the vehicle and brought it to a stop at the side of El Camino Real. The Google AV sustained damage to its driver-side doors. The other vehicle sustained damage to itÍs front bumper. The Google AV was traveling approximately 20 mph and the other vehicle was traveling approximately 15 mph at the time of the collision. There were no injuries reported at the scene by either party."
