Manufacturer_Name,Business_Name,Date,Time,Veh1_Year,Veh1_Make,Veh1_Model,Veh1_Register_State,Location_Street,Location_City,Location_County,Location_State,Location_Zip,Vehicle_Was,Involved_in_the_Accident ,No_Vehicle_Involved,Vehicle_Year_Otherparty,Model_Otherparty,Vehicle_Register_State_Otherparty,Vehcile_Was_Otherparty,Involved_Party_Otherparty,Name_Injury/Death,Bicyclist_Injury/Death,Driver_Injury/Death,Passenger_Injury/Death,Property_Damage,Property_Owner_Name,Damage_Detail,Pre_Crash_Mode
GM Cruise LLC,Cruise,1/2/2018,9:27:00 PM,2017,Chevrolet,Bolt,,Vaiencia St. & 16th St,San Francisco,San Francisco,CA,94103,Moving,,1,,,,,Pedestrain,GM Cruise LLC,,,,Left rear tail light damage,GM Cruise LLC,"This statement is amended from the original filed on 1/10/2018 to correct the phrase ""sustained some damage to its right rear light"" by replacing the phrase with ""sustained some damage to its left rear light"". A Cruise autonomous vehicle (""Cruise AV""), operating in autonomous mode, was involved in a collision while making a right hand turn from northbound Valencia Street onto 16th Street. The Cruise AV was stopped at a green light in between crosswalks of Valencia Street and 16th Street, waiting for pedestrians to cross over 16th Street. A different pedestrian from the southwest corner of Valencia and 16th ran across Valencia Street, against the ""do not walk"" symbol, shouting, and struck the left side of the Cruise AV's rear bumper and hatch with his entire body. There were no injuries but the Cruise AV sustained some damage to its left rear light. The police were not called.",Autonomous
GM Cruise LLC,Cruise,1/8/2018,11:12:00 AM,2017,Chevrolet,Bolt,,Kansas St & Mariposa St.,San Francisco,San Francisco,CA,94107,,,2,2017,Isuzu NPR,,Moving,,GM Cruise LLC,,,,Driver side articulating radar was damaged,GM Cruise LLC,"A Cruise autonomous vehicle (""Cruise AV""), operating in autonomous mode, was involved in a collision while traveling northbound on Kansas Street just past the intersection with Mariposa Street. The Cruise AV was driving in its lane when a cargo truck tried to overtake it on the left side. As it passed the Cruise AV, the truck clipped the Cruise A V's left front articulating radar. There were no injuries. The parties exchanged information. The police were called but declined to respond citing the lack of any reported injuries.",Autonomous
"Zoox, Inc",Zoox,1/18/2018,9:43:00 AM,2016,Toyota,Highlander,,Pacific Ave. and Sansome St.,San Francisco,San Francisco,CA,94111,Stopped in Traffic,,2,2016,Hyundai Accent,,Moving,Vehicle,Zoom Inc,,,Injured,"Driver's side, rear bumper and sensor",Zoom Inc,"A Hyundai rear-ended a stationary Zoox autonomous vehicle (""Zoox A V11 ) that was operating in Autonomous Mode when struck. The collision occurred while the Zoox AV was traveling westbound on Pacific A venue, intending to make a right turn at a green light onto Sansome St. The Zoox AV had slowly decelerated from a low speed and stopped, waiting for a pedestrian to clear the intersection, when the Hyundai1 s front, passenger-side bumper made contact with the Zoox A V'sdriver-side rear bumper and sensor. At the time of collision, the Hyundai was traveling at just under 4 MPH and was slightly accelerating towards the Zoox AV prior to impact.",Autonomous
GM Cruise LLC,Cruise,1/28/2018,10:55:00 PM,2017,Chevrolet,Bolt,,Duboce Ave & Mission St,San Francisco,San Francisco,CA,94103,Stopped in Traffic,,2,,,,Stopped in Traffic,,GM Cruise LLC,,,,Small scratch on passenger side front window,GM Cruise LLC,"A Cruise autonomous vehicle (""Cruise AV""), operating in manual mode, was stopped behind a taxi on Duboce Avenue just past Guerrero. The driver of the taxi exited his vehicle, approached the Cruise AV, and slapped the front passenger window, causing a scratch. There were no injuries and police were not called.",Conventional
Drive.ai Inc,Drive.ai Inc,1/29/2018,,2016,Nissan,NV200 Taxi,,E Reed St. and S 2nd St,San Jose ,Santa Clara,CA,95113,Moving,Const. Equipment,1,,,,,,,,,,,,"A Drive.ai test vehicle was being manually driven ( conventional mode) for data collection in downtown San Jose at around 3:30pm on Monday 1/29. The vehicle was traveling southwest on Reed St. near 2nd St at the time of the incident. The right lane was blocked offby some construction equipment. Due to driver error, the front right section of the NV200 impacted a stationary piece of construction equipment at 17 mph. The front right corner of the test vehicle sustained damage; the piece of construction equipment was not damaged. There were no injuries as a result of the incident.",Conventional
GM Cruise LLC,Cruise,2/16/2018,8:45:00 PM,2017,Chevrolet,Bolt,,14th St between Guerrero and Valencia St ,San Francisco,San Francisco,CA,94103,Moving,,2,,,,Stopped in Traffic,,GM Cruise LLC,,,,Plastic casing of the front left sensor was damaged,GM Cruise LLC,"A Cruise autonomous vehicle (""CrUise AV""), operating in conventional mode, was moving slowly in traffic eastbound on 14th Street just past Guerrero Street when a vehicle merged in front of the Cruise AV and in doing so made contact with Cruise A V's front left sensor. The plastic casing of the sensor was damaged. The other vehicle did not stop. The driver of the Cruise AV called the police to report the event, but the police were not dispatched.",Conventional
GM Cruise LLC,Cruise,2/20/2018,4:58:00 PM,2017,Chevrolet,Bolt,,North Point St &The Embarcadero,San Francisco,San Francisco,CA,94133,Moving,,2,2017,Hyundai Accent,CA,Moving,,,,,,,,"A Cruise autonomous vehicle ( ""Cruise AV""), operating in autonomous mode, was completing a left turn from North Point Street onto The Embarcadero. A vehicle behind the Cruise AV also turning left onto The Embarcadero tried to pass the Cruise AV on the left, and while passing turned back into the Cruise A V ' s lane too tightly and clipped the Cruise AV's front left sensor. damaging the sensor and the other vehicle's front right passenger door, There were no injuries and po1ice were not called.",Autonomous
GM Cruise LLC,Cruise,3/14/2018,3:12:00 PM,2017,Chevrolet,Bolt,,Mcallister st & Polk st,San Francisco,San Francisco,CA,94102,Moving,,2,,,,Moving,,,,,,,,"A Cruise autonomous vehicle. (""Cruise AV""), was involved in a collision while operating in autonomous mode, traveling westbound on McAllister Street at the intersection of Polk Street. Another attempted er vehicle to pass the Cruise AV on the right but crossed. intoits lane, scraping the Cruise A V's right sensor. There were no injuries and police were not called",Autonomous
GM Cruise LLC,Cruise,3/19/2018,8:34:00 PM,2017,Chevrolet,Bolt,,Howard St & Hawthorne St,San Francisco,San Francisco,CA,94105,Moving,,2,,,,Moving,,GM Cruise LLC,,,,Yes,,"A Cruise autonomous vehicle (""Cruise AV""), was involved in a collision while operating in autonomous mode, making a left turn onto Hawthorne from Howard Street. A van directly behind the Cruise AV continued straight from the same left turn only lane, clipping the back right of the Cruise AV as it passed and damaging the bumper and back right sensor. The driver of the van did not stop. There were no injuries and police were not called.",Autonomous
GM Cruise LLC,Cruise,3/24/2018,12:55:00 PM,2017,Chevrolet,Bolt,,Francisco St & Divisadero,San Francisco,San Francisco,CA,94123,Moving,,2,2014,Honda Civic,,Moving,,GM Cruise LLC,,Injured,,,,"A Cruise autonomous vehicle (""Cruise AV""), was involved in a collision while operating in autonomous mode, driving eastbound on Francisco Street between Broderick and Divisadero. While approaching a stop sign, the Cruise AV was rear ended causing damage to the rear bumper. The driver ofthe Cruise AV later experience stiffness in his neck, sought treatment and was released to return to work. The police were not called.",Autonomous
GM Cruise LLC,Cruise,3/24/2018,1:54:00 AM,2017,Chevrolet,Bolt,,Sutter St & Grant St,San Francisco,San Francisco,CA,94108,Moving,,2,,Toyota Prius,,Moving,,GM Cruise LLC,,,,Yes,,"A Cruise autonomous vehicle (""Cruise AV""), was involved in a collision while operating in autonomous mode, driving westbound on Sutter Street. As the Cruise AV was approaching the intersection with Grant A venue, a cyclist approached, splitting the lane and riding in the wrong direction on the lane line between the Cruise AV and a row of parked cars adjacent to the Cruise AV. The Cruise AV slowed as the cyclist approached and passed, and during this time a taxi driving behind the Cruise AV bumped into the rear ofthe Cruise AV, causing scratches and a dent to the Cruise AV. The taxi driver initially pulled over to check for damage to his vehicle, but then drove away without exchanging information. There were no injuries and police were not called.",Autonomous
GM Cruise LLC,Cruise,3/27/2018,12:53:00 PM,2018,Chevrolet,Bolt,,Ninth St & Howard St,San Francisco,San Francisco,CA,94103,Moving,,2,2017,BMW X5M,CA,Moving,,,,Injured,,,,"A Cruise autonomous vehicle (""Cruise AV""),was involved in a collision while operating in autonomous mode, traveling in heavy traffic northbound on Ninth Street between Howard and Folsom Streets. A vehicle behind the Cruise AV was changing multiple lanes from the lane to the right of the Cruise AV across to the lane to the left of the Cruise AV. While completing that movement, the other vehicle clipped the corner ofthe Cruise A V. There were no injuries and the police were not called.",Autonomous
GM Cruise LLC,Cruise,3/29/2018,11:04:00 AM,2017,Chevrolet,Bolt,,Powell St & Vallejo St,San Francisco,San Francisco,CA,94133,Moving,,,2009,Genuine Scooter,CA,Moving,,,,,,Yes,,"A Cruise autonomous vehicle (''Cruise A V''), was involved in a collision while operating in conventional mode, on southbound Powell Street at the intersection with Vallejo Street. As the Cruise AV was stopped at the four-way stop. a scooter turning right onto Powell from westbound Vallejo lost control and collided with the Cruise AV, damaging the left side view mirror. The scooter driver appeared to have scraped her legs, but did not seek medical attention. The police were not called.",Conventional
GM Cruise LLC,Cruise,10/18/2017,4:06:00 PM,2017,Chevrolet,Bolt,,San Fl'ancisco San Francisco CA 94110 V,San Francisco,San Francisco,CA,94110,Stopped in Traffic,,2,2013,Subaru Impreza,,Moving,,GM Cruise LLC,,,,Minor scratch on rear left bumper,GM Cruise LLC,"A Cmise autonomous vehicle (""Cruise AV""), operating in autonomous mode, was involved in a collision while heading west on 17th Street as it traversed the intersection with Folsom Street. As the Cmise AV passed through the intersection, a scooter came up from behind the Cmise AV and used the right-tum only lane to pass the Cruise AV on its passenger side. The scooter entered the Cruise AV' s lane in front of the AV, and in response the Cruise AV stopped. At the same time, an oncoming Subaru Jmpreza attempted to tum left from 17th Street to Folsom $tree! northbound. As the Subaru turned behind the Cruise AV, the Subaru clipped the rear, driver's-side comer of the Cruise AV. The parties proceeded out of the ttúaffic lane and exchanged information. The police were not called.",Autonomous
GM Cruise LLC,Cruise,10/20/2017,9:16:00 AM,2017,Chevrolet,Bolt,,Noe St & Henry St,San Francisco,San Francisco,CA,94114,Moving,,2,,,,Moving,,GM Cruise LLC,,,,Scuffs on radar,GM Cruise LLC,"A Cruise autonomous vehicle (""Cruise AV""), operating in autonomous mode, was involved in a collision while heading south on Noe Street. As the Cruise AV crossed the intersection with Henry Street1 the driver of a Toyota Land Cruiser behind the Cruise AV drove into the oncoming Iai-ie in an effort to overtake the Cruise AV. At this point, the driver of the Cruise AV took over manual control. As the Toyota cut back into the forward lane of travel, the Toyota scraped the sensor on the Cruise A V's front, driver's-side comer. The Toyota continued through the intersection and left the scene without exchanging information. A passenger in the Crnise AV called the police to report the Incident as a hit-and-run. The police responded but no report was available at the time of the filing of this report.",Autonomous
GM Cruise LLC,Cruise,10/26/2017,9:09:00 PM,2017,Chevrolet,Bolt,,5th St & Market St,San Francisco,San Francisco,CA,94102,Stopped in Traffic,,2,2015,Honda Accord,,Moving,,GM Cruise LLC,,,,Minimal - Rear passenger side brake light compressed into bumper,GM Cruise LLC,"A Cruise autonomous vehicle (""Cruise AV""), operating in autonomous mode, was involved in a collision while traveling north in the right lane of 5th Street between Mission Street and Market Street. A white Honda Accord, finding a gap in the slow-moving but heavy traffic, turned left from Stevenson Street onto 5th Street directly behind the Cruise AV. When the Cruise AV decelerated to merge into the left lane, the driver of the Honda Accord-who appears to have been distracted, looking at a person standing on the sidewalk-failed to notice and rear-ended the Cruise AV. The parties proceeded out of the traffic lane and exchanged information. The police were not called.",Autonomous
GM Cruise LLC,Cruise,11/13/2017,10:05:00 PM,2017,Chevrolet,Bolt,,11th St & Folsom St,San Francisco,San Francisco,CA,94103,Moving,,2,2011,Toyota Camry,,Moving,,GM Cruise LLC,,,,Minor scratch on left radar,GM Cruise LLC,"""A Cruise autonomous vehicle (""Cruise AV""), operating in autonomous mode, was involved in a collision while traveling northeast in the middle lane on Folsom Street at the intersection with 11thStreet. While passing through the intersection at 11thStreet, the Cruise AV followed the lane markings, which shift to the left as the road transitions to a one-way street starting east of 11th Street. All lanes on Folsom Street shift left that that intersection and are clearly marked. A Toyota Camry traveling behind and to the left of the Cruise AV, and gaining on the Cruise AV, did not shift left with its lane and instead crossed over its lane boundary and lightly swiped the side of the Cruise AV. The operator of the Cruise AV disengaged from autonomous mode just prior to the impact. There were no injuries and the police were not called.""",Autonomous
GM Cruise LLC,Cruise,12/7/2017,9:34:00 AM,2017,Chevrolet,Bolt,,Oak St & Fillmore St,San Francisco,San Francisco,CA,94117,Moving,,2,1996,Honda S90,,Moving,,GM Cruise LLC,,,,Long scuff on passenger side of tl1e vehicle,GM Cruise LLC,"A Cruise autonomous vehicle (""Cruise AV""), operating in autonomous mode in heavy traffic, was involved in a collision while traveling east on Oak Street just past the intersection with Fillmore Street. The Cruise AV was traveling in the center of three one-way lanes. Identifying a space between two vehicles (a minivan in front and a sedan behind) in the left lane, the Cruise AV began to merge into that lane. At the same time, the minivan decelerated. Sensing that its gap was closing, the Cruise AV stopped maldng its lane change and returned fully to the center lane. As the Cruise AV was re-centering itself in the lane, a motorcycle that that had just lane-split between two vehicles in the center and right lanes moved into the center lane, glanced the side of the Cruise AV, wobbled, and fell over. At the time of the collision, the Cruise AV was traveling with the flow of traffic at 12mph, while the motorcycle was traveling at approximately 17mph. The motorcyclist got up and walked his vehicle to the side of the road, where the parties exchanged information. 911 was called pursuant to Cruise policy. The motorcyclist reported shoulder pain and was taken to receive medical care, and a police report was taken. As reported in Traffic Collision Report#l70989746, the motorcyclist was determined to be at fault for attempting to overtake and pass another vehicle on the right under conditions that did not pennit that movement in safety in violation of CVC 21755(a).",Autonomous
"Zoox, Inc",Zoox,9/27/2017,,2016,Toyota,Highlander,,Intersection Green St. & Battery St.,San Francisco,San Francisco,CA,94111,Moving,,2,2017,Nissan Altima,,Moving,,Zoox Inc,,,,"Driver's side door, driver's side passenger door damaged.",Zoox Inc,"A Nissan Altima made a left turn into a Zoox autonomous vehicle (""Zoox AV"") that was operating in conventional mode when struck. The collision occurred while the Zoox AV was traveling straight, eastbound, through the intersection at Battery and Green Streets with the right-of-way. The driver of the Nissan Altima was distracted when it turned into and collided with the driver's side passenger door of the Zoox AV. The police were called, but citing a lack of injury, did not respond to the scene.",Conventional
GM Cruise LLC,Cruise,10/7/2017,2:35:00 AM,2017,Chevrolet,Bolt,,14th St and Valencia St,San Francisco,San Francisco,CA,94103,Moving,,2,2010,Honda Accord,,Moving,,GM Cruise LLC,,,,"Small, deep scratch on the rear bumper.",GM Cruise LLC,"A Cruise autonomous vehicle (""Cruise A V""), operating in autonomous mode, was rear-ended on 14th Street. The CruiseAV, in the right of two eastbound lanes, was traversing the intersection at Valencia Street. Slightly ahead in the left lane next to the Cruise AV, a vehicle drifted into the Cruise A V's lane. The Cruise AV responded by decelerating, and was rear-ended by a Honda Accord. The parties exchanged information. The driver of the Accord apologized, saying that a leg cramp prevented him from braking sufficiently. The police were not called.",Autonomous
GM Cruise LLC,Cruise,10/12/2017,7:40:00 AM,2017,Chevrolet,Bolt,,Bush St & Montgomery St,San Francisco,San Francisco,CA,94104,Moving,,2,2002,Toyota Corolla,,Moving,,GM Cruise LLC,,,,Rear bumper scratched and loose,GM Cruise LLC,"A Cruise autonomous vehicle (""Cruise A V""), operating in autonomous mode, was rear-ended while going through a green light on Bush Street at Montgomery Street. As the Cruise AV passed through the intersection, a pedestrian looking at his cell phone approached the crosswalk in front of the Cruise AV. The Cruise AV responded by decelerating, and was rear-ended by a Toyota Corolla. The parties exchanged information, though the driver of the Corolla lacked insurance information. The police were not called. No injuries were reported at the scene by either party. A Cruise AV test driver later sought medical evaluation for shoulder stiffness.",Autonomous
GM Cruise LLC,Cruise,10/16/2017,1:34:00 PM,2017,Chevrolet,Bolt,,,,,,,Moving,,2,2001,Ford F250 Super Duty,,Moving,,GM Cruise LLC,,,,Damage to radar and fender on front left side,GM Cruise LLC,"A Cruise autonomous vehicle (""Cruise AV""), operating in autonomous mode, was involved in a collision while heading eastbound on 15th Street toward Harrison Street. The Cruise AV had stopped briefly, initially to simulate the pick-up of a ridesharing customer and then to allow oncoming traffic to pass on the narrow street. After the oncoming traffic cleared, the Cruise AV began to proceed. At the same time, from behind the Cruise AV the driver of a Ford F250 pickup truck drove into the oncoming lane and began passing the Cruise AV. While overtaking the Cruise AV, the F250 clipped a sensor on the front, driver's-side comer of the Cruise AV. The parties exchanged information. Though the police were not called, an officer passing by stopped to consult the parties and concluded no further action was required.",Autonomous
GM Cruise LLC,Cruise,10/17/2017,5:41:00 PM,2017,Chevrolet,Bolt,CA,1640 Mission St,San Francisco,San Francisco,CA,94103,Stopped in Traffic,,2,2002,Mazda Protega 5,,Moving,,GM Cruise LLC,,,,Minor scrape on rear bumper,GM Cruise LLC,"A Cruise autonomous vehicle (""Cruise AV""), operating in autonomous mode, was involved in a collision while traveling in the right lane on Mission Street between Plum Street and South Van Ness Avenue. In heavy stop-and-go traffic, the Crnise AV allowed a delivery van to merge into traffic from a gas station parking lot, then with a green light the Cruise AV proceeded forward. A pedestrian walking against traffic, off of the sidewalk and in the Cruise AV' s lane, began to cross the street directly in front of the Cruise AV. The Cruise AV slowed to a complete stop, and a Mazda Protege 5 entering traffic from the same gas station re.:TI-ended the Cruise AV. The parties proceeded out of the traffic lane and exchanged information, although the driver of the Protege lacked license information. The police were not called.",Autonomous
GM Cruise LLC,Cruise,9/12/2017,11:10:00 AM,2016,Chevrolet,Bolt,,Folsom Street and 11th Street,San Francisco,San Francisco,CA,94103,Stopped in Traffic,,1,,,,Moving,Bicyclist,GM Cruise LLC,,,,Wire for sensor pulled off of vehicle; scratch on rear passenger side.,GM Cruise LLC,"A Cruise autonomous vehicle (""Cruise AV""), operating in conventional mode, was involved in an incident while traveling eastbound on Harrison Street between 12th and 11th Streets. The Cruise A V's driver observed a cyclist traveling in the wrong direction toward the Cruise AV. The cyclist was waving his hands and swerving severely; he appeared to be intoxicated. The driver brought the Cruise AV to a complete stop. The cyclist continued weaving toward the Cruise AV, collided with the Cruise A V's front-right bumper, and fell over. After getting to his feet, the cyclist picked up his bike and deliberately hit the bike's front tire into the passenger side of the Cruise AV. He then pulled on a sensor on the Cmise A V's rear, passenger-side, causing minor damage. With the cyclist off to the side of the vehicle, the driver of the Cruise AV slowly pulled away from the interaction. Police were not present or called to the scene,",Conventional
GM Cruise LLC,Cruise,9/15/2017,11:20:00 AM,2017,Chevrolet,Bolt,,Potrero St. and Division St.,South San Francisco,San Francisco,CA,94103,Moving,,2,,Dodge Charger,,Moving,,GM Cruise LLC,,,,Scratch on sensor,GM Cruise LLC,,Conventional
GM Cruise LLC,Cruise,9/18/2017,3:20:00 PM,2017,Chevrolet,Bolt,,Bay Street at Columbus Avenue,San Francisco,San Francisco,CA,94133,Moving,,2,1984,BMW 633 Csi,,Moving,,GM Cruise LLC,,,,Small dent and crack in rear bumper.,GM Cruise LLC,"A Cruise autonomous vehicle (""Cruise A V""), operating in autonomous mode, was rear-ended while traveling on Bay Street at Columbus -----? Avenue, The Cruise AV was stopped at a red Hght in the left of two eastbound lanes, When the light turned green, the Cruise AV began to proceed forward toward the intersection. In the right lane, another vehicle drifted within its lane toward the Cruise AV. The Cruise AV responded by decelerating, and a car following closely behind rear-ended the Cruise AV, The parties exchanged information. The police were not called.",Autonomous
GM Cruise LLC,Cruise,9/12/2017,6:20:00 PM,2017,Chevrolet,Bolt,,Division St & 10th St ,San Francisco,San Francisco,CA,94103,Stopped in Traffic,,2,2004,Ford Ranger,,Moving,,GM Cruise LLC,,,,Damage on rear bumper. Bottom edge of the trunk door is dented.,GM Cruise LLC,"A Cruise autonomous vehicle (""Cruise AV11 ), operating in autonomous mode, was rear-ended by a white Ford Ranger while waiting at a stop light on I 0th Street, southbound between Bryant and Division Streets. The Ranger crept forward slowly into the Cruise AV, which was completely stationary at the time of the collision. The parties exchanged information and the driver of the Ranger apologized, adding that he was on his cell phone. The police were called but, citing the lack of any injury, declined to respond to the scene.",Autonomous
GM Cruise LLC,Cruise,9/21/2017,9:09:00 PM,2017,Chevrolet,Bolt,,5th St. & Bryant St.,San Francisco,San Francisco,CA,94107,Moving,,2,2002,Volvo V40,,Moving,,GM Cruise LLC,,,,Small dent to rear bumper. P,GM Cruise LLC,"A Cruise autonomous vehicle (""Cruise AV11 ), operating in autonomous mode, was rear-ended by a white Volvo V40 while turning left from 5th Street onto Bryant Street. The Cruise AV was the lead car in the right of two left-tum lanes; the Volvo was directly behind. Both vehicles were stopped at a green light and were waiting to turn left. The signal changed, giving the vehicles a green left-tum arrow. The Cruise AV began making the tum and was then rear-ended by the Volvo. The parties exchanged information. The police were not called.",Autonomous
GM Cruise LLC,Cruise,2/16/2017,8:38:00 AM,2017,Chevrolet,Bolt,,Approx. 11120 Golden Gate,San Francisco,San Francisco,CA,94115,Moving,,3,2010; 2012,Subaru Forester; Toyota Highlander,,Moving; Stopped in Traffic,,,,,,Vehicle,GM Cruise LLC,"A eruiSe anh:nlonious vchklc: (11Cmisc A vn} úwas iilvolv'ed ill an a-ccidcnt'iri San FfitnC.fsco While: travqUing .eastb9UllP on Golden O.ale. /I. venueú betw~en Webster andBlichm;an sbúeets, The C\~1isc A V vvas úoperating ih auioriomous 1\10de ~t thinhne of the aci:idctit. The intersection at Buchanan docs no!' allow-for v< Toyota-reported injuries-at the scone,, and the dviverúofthc úsuf;aru inieruled tq se~k medical evaluation for knq~úpain from .!he collision, Tim Cruise whicle.úsustaitied nlinimalúctamagc W-its rear bumpei:: TheúToyota-sustaincdminor visible damage to-jts front and rear bumpers. Tli",Autonomous
GM Cruise LLC,Cruise,3/22/2017,1:30:00 PM,2017,Chevrolet,Bolt,,NW Corner of 1Oth and Division,San Francisco,San Francisco,CA,94103,Moving,,2,2015,Mercedes ML350,,Moving,,,,,,Yes,GM Cruise LLC,"A Cmise autonomous vehicle (""Cmise A V"") was traveling southbound on Tenth Street in San FrancisCo in autonomous mode. The Cmise A V was stopped at a red light with a Mercedes behind it, also stopped. The Cruise A V began moving fotward after the light turned green and was traveling at 2 mph when the Mercedes collided with the rear of the Cmise AV. The approximate speed ofthe Mercedes at the time of impact was 4 mph. None of the occupants ofthe Cmise AV or Mercedes reported injuries at the scene. The Cmise AV sustained minor damage to its rear bumper. The Mercedes sustained minor visible daaiagc to its front bumper.",Autonomous
Waymo Auto LLC,Waymo Auto LLC,8/26/2017,8:39:00 AM,2017,Chrysler,Pacifica,,Aima Street and El Vemno Avenue,Palo Alto,Santa Clara,CA,94306,Moving,,2,2006,Odyssey,,Moving,,,,,,,,"A Waymo au_tonornous vehicle ( 0 Waymo AV11) in manul travelling eas_tbound in the left hme on Alnla Street in Palo Alto was involved in a minor collision. The Waymo AV was in autonomous mode when a vnbicle ahead of it swerved righl to avoid an object in the road. The driver of the Wayrno AV then disengaged m1d began to change 1a.t1es to the right.to avoid the object. The V:;laymo AVs rear.bumper then scraped the front left bumper of a van proceeding in the adj_acent right lane, The Waymo AV was travelling at approximately 21 mph while the other vehicle was travellhig at approximately 26 mph at the time of the cO:Hision, The Waymo AV experienced ml.nor damage to its rear bumper. The other vehicle experienced minor damage to its front bumper, There were no injuries repmted at the scene by either party,",Conventional
UATC LLC,UATC LLC,8/16/2017,2:55:00 PM,2017,Volvo,XC 90,,"Geary Blvd. & 3rd Ave.,",San Francisco,San Francisco,CA,94118,Stopped in Traffic,,2,2017,Toyota Tacoma,,Moving,,,,,,Minor damage to Volvo rear halch and bumper.,,"An Uber Volvo XC 90 registered under the DMV testing program (""Uber SOY"") was eastbound on Geary Blvd preparing to make a right turn onto 3rd Ave. The vehicle operator disengaged the combined advanced driver assist systems on the vehicle to wait for pedestrians before making a right tum onto 3rd Ave. While the Uber SDV was stopped, a Toyota Tacoma impacted the rear of the Uber SDV. Tiie collision caused minor damage lo the vehicle's rear hatch and bumper and scuffed the Tacoma's bumper. No injuries were reported onsite. Police were not called. The Uber SDV co-pilot later reported wrist discomfort.",Conventional
GM Cruise LLC,Cruise,7/6/2017,10:54:00 AM,2017,Chevrolet,Bolt,,19th. St. (Westbound) at Shotwell St.,San Francisco,San Francisco,CA,94110,Moving,,2,1999,Chevy Silverado,,Moving,,GM Cruise LLC,,,,"úScratch on front bmnper;-:d""a;mag_eú. t_o. úS(iq!;or,",GM Cruise LLC,":A G""nlise ~ut.onqmovs vehicle (''Cruise; A.Vn) Wasú involve~! inú:~ co IIi~ ion. on 19th Street atShoiwcU suúeet. 'The Cruis0:A v} hDading \vd~t; was sl_ow.ing ~~wnúasú.i~:appr~?uc~e~-ih~úf~ur-way Slt?P~.at whipliúpqlnt the, ddver.b.f{l -pi~k::up,truck.be.htndúthe C:rui~o A. V droveúintQúthe .OticOrrdng úIatiC.and.began pnsslng tbe""CrUise AV. WúhH~.dl'lying.p~stthe Cruise AV~ thpútruck ctlppt;.d, the Crui~~,/~.V s.fiont qriver1 s-side úccirnoiú and coiJtjuued.thi:oUghúthcúi~te""rse""ctimi inúthe oúpPositCúhme of-tt;avCI. The.partles stopúped and cx.c~aD;gcd int9.rm~1:i~n.at'ter theú intcrs~ction. Poljce were. c.allcd ~o thc.scen.e but pi.i report was Created.",Autonomous
GM Cruise LLC,Cruise,6/28/2017,11:48:00 AM,2017,Chevrolet,Bolt,,Montgomery St. (southbound) at Post St.,San Francisco,San Francisco,CA,94104,Moving,Van,2,,Ford Transit,,Moving,,GM Cruise LLC,,,,"Small (<1"") Scratch on rear bumper",GM Cruise LLC,,Autonomous
GM Cruise LLC,Cruise,6/7/2017,,2017,Chevrolet,Bolt,,Van Ness Ave. at O'Farrell Street (northbound),San Francisco,San Francisco,CA,94109,Moving,Minivan,2,,,,Moving,Minivan,GM Cruise LLC,,,,Small scrape on bottom ofrear bumper,,"A Cnlise auto11omous vehicle (""Cn1ise A V"") was involved in a co11isJon on Van Ness Avenue. The Cruiso A V was -traveling northbound at 7 mph when a bus merged into the lane in front of the Crulse AV. The Cmise AV braked, and a wbite minivan ~1nt had been closely following ran into the back of the Crulse A V. Police were not p.rese:ntor called to the scene.",Autonomous
GM Cruise LLC,Cruise,5/25/2017,5:26:00 PM,2017,Chevrolet,Bolt,,11th St. and Mis sion St,San Francisco,San Francisco,CA,94103,Moving,Bicyclist,2,,,,Moving,Bicyclist,GM Cruise LLC,Injured,,,Scratch on rear bumper.,GM Cruise LLC,"A Cruise autonomous vehicle (""Cruise A V"") was traveling northbound on 11 th Street in San Francisco in autonomous mode, turning left onto Mission Street in the outer of two left tum lanes . During the tum, a vehicle in the inner of the two left tum lanes began to cut in front of th e Cruise A V. The Cruise A V braked, and a bike that had been closely cross ing behind the rear of the Cruise A V ran into the b ack of the Cmise A V. Police were not present or called to the scene . None of the occupants of the Cruise AV were injured. The Cruise AV occupants observed th at the cyclist scraped hi s knee. At the time, the cyclist stated an intention to seek medical evaluation, but declined to seek emergency assistance. There was a minor scratch on the A V, and the bicycle had no visible damage.",Autonomous
Google Auto LLC,Google Auto LLC,3/26/2017,4:50:00 PM,2012,Lexus,RX 450H,,Shoreline Blvd and El Camino Real,Mountain View,Santa Clara,CA,94043,Moving,,2,2002,Toyota Camry,,Moving,,,,,,,,"A Waymo Lexus-model autonomous Vehicle (""Waymo AV"") was involved in a collision while in autonomous mode in the left tum lane on SB Shoreline near El Camino in Mountain View, CA. The Waymo AV was rear-ended by a Toyota Camry while slowly creeping forward with traffic at the red light. The Waymo AV was travelling around 1 MPH at the time of collision, the Camry was travelling around 7 MPH at moment of collision. The Waymo A V had minor damage to its rear bumper, the Camry had minor damage to its front bumper.",Autonomous
GM Cruise LLC,Cruise,3/23/2017,10:36:00 AM,2017,Chevrolet,Bolt,,,,,,,,,2,2016,Ford F-250,,Moving,,GM Cruise LLC,,,,Yes,,"A Cruise autonomous vehicle (""Cruise A V"") was traveling westbound on Broadway in San Francisco in autonomous mode and was in the process of passing a mobile crane truck that was double parked, blocking the westbound lane. Dming this maneuver, a Ford F-250 approached and simultaneously went around both the Cruise A V and the crane truck. While the Ford made its pass, the Cruise AV stopped. As the Ford completed its pass and turned back into the forward lane of travel, the Ford clipped the front, driver's side sensor of the Cruise A V. At the time of impact, the Cruise A V was stopped and the Ford was traveling at approximately 4 miles per hour. None of the occupants of the Cruise AV or Ford were inj ured. The Cruise AV sustained minor damage to its front, driver's side sensor and mount. The Ford sustained minor visible damage to its rear, passenger's side tire.",Autonomous
Google Auto LLC,Google Auto LLC,4/19/2017,6:59:00 PM,2012,Lexus,RX 450H,,Middle Field Rd. at Oregon Expressway,Palo Alto,Santa Clara,CA,94301,Moving,,,,,,,,,,,,,,"A WAYMO LEXUS-MODEL AUTONOMOUS VEHICLE (""WAYMO AV"") MADE CONTACT WITH A CURB WHILE IN MANUAL MODE ON MIDDLEFIELD ROAD AT OREGON EXPRESSWAY IN PALO ALTO, CA. THEWAYMOAVWAS TRAVELING EASTBOUND IN AUTONOMOUS MODE IN THE RIGHTMOST LANE OF MIDDLEFIELD ROAD. AS THE VEHICLE CROSSED OREGON EXPRESSWAY, THE WAYMO AV AUTONOMOUS SYSTEM DETECTED THE VEHICLE IN THE LEFT ADJACENT LANE BEGIN TO DRIFT TO THE RIGHT, TOWARD THE WAYMO AV. THEWAYMO AV NUDGED TO THE RIGHTMOST SIDE OF ITS LANE. AS THE LEFT ADJACENT VEHICLE CONTINUED TO DRIFT TOWARDS THEWA YMO AV, THE WA YMO A V TEST DRIVER TOOK MANUAL CONTROL. THEWA YMO AV'S FRONT PASSENGER-SIDE TIRE THEN MADE CONTACT WITH THE RIGHT CURB, CAUSING IT TO DEFLATE. THE OTHER VEHICLE THEN STRAIGHTENED ITS TRAJECTORY IN ITS LANE AND CONTINUED ON. THERE WERE NO INJURIES REPORTED.",Conventional
Cruise Automation Inc.,Cruise Automation Inc.,1/8/2016,1:41 PM,2012,Nissan,Leaf,,7th and Bryant,San Francisco,San Francisco,CA,94103,Moving,,2,,Toyota Prius,,Stopped in Traffic,,,,,,,,"A cruise Nissan. Leaf autonomous vehicle (""Cruise AV"") was in autonomous mode traveling north at approximately 20 miles per hour in the right lane- of 7th Street. The vehicle began moving within its lane to the left, and then began correcting to the right, at which point the driver decided to take over manual control. After taking over manual control, the operator did riot change the path of the vehicle and collided with an unoccupied Toyota Prius that was parallel parked on 7th Street approximately 20 feet before the intersection with Bryant Street. The Prius sustained minor visible damage to the front left quarter panel area. The Cruise AV sustained minor visible damage to the front right quarter panel area. There were no injuries.",Conventional
Lexus,Google Auto LLC,2/14/2016,,2012,Lexus,RX 450H,,El Camino Real and Castro St.,Mountain Veiw,Santa Clara,CA,94043,Moving,,1,2002,"Newflyer Lowfloor Articulated Bus, Series 2300",,Moving,,,,,,,,"A Google Lexus-model autonomous vehicle (""Google AV"") was traveling in autonomous mode eastbound on El Camino Real in Mountain View in the far right-hand lane approaching the Castro St. intersection. As the Google AV approached the intersection, it signaled its intent to make n right turn on red onto Castro St. The Google AV then moved to the right-hand side of the lane to pass traffic in the same lane that was stopped at the intersection and proceeding straight. However, the Google AV had to come to a stop and go around sandbags positioned around a storm drain that were blocking its path. When the light turned green, traffic in the lane continued past the Google AV. After a few cars had passed, the Google AV began to proceed hack into the center of the lane to pass the sand bags. A public transit bus was approaching from behind. The Google AV test driver saw the bus approaching in the left side mirror but believed the bus would stop or slow to allow the Google AV to continue. Approximately three seconds later, as the Google AV was reentering the center of the lane it made contact with the side of the bus. The Google AV was operating in autonomous mode and traveling at less than 2 mph, and the bus was travelling at about 15 mph at the time of contact. The Google AV sustained body damage to the left front fender, the left front wheel and one of its driver's-side sensors, there were no injuries reported at the scene.",Autonomous
Google Auto LLC,Google Auto LLC,4/7/2016,,2012,Lexus,RX 450H,,Bryant St. at Oregon Expy.,Palo Alto,Santa Clara,CA,94301,Stopped in Traffic,,1,1999,Lexus LS400,,Moving,,,,,,,,"A Google Lexus model autonomous vehicle (""Goggle AV"") was travelling southbound on Bryant St. in palo alto in autonomous mode and was stopped behind traffic at the red light intersection of Oregon Expy. A vehicle attempting to pass on the right shoulder very slightly contacted the Goggle AV, the other vehicle's left side-view mirror grazed the passenger side of our vehicle. there were no injuries reported at the scene by either party. The Goggle AV sustained no damage and the other vehicle's left side-view mirror was slightly folded in.",Autonomous
Google Auto LLC,Google Auto LLC,4/28/2016,5:35 PM,2015,Google,Self Driving Car,,Nita Avenue and San Antonio Road,Palo Alto,Santa Clara,CA,94306,Stopped in Traffic,,,2015,Toyota Prius,,Moving,,,,,,,,"A Google prototype model autonomous vehicle (""Google AV"") proceeding westbound in autonomous mode on Nita Avenue in Palo Alto was involved in an accident. The Google AV came to a stop at the intersection of San Antonio Road, then, prior to making a right turn on San Antonio Road, began to gradually advance forward in order to get a better view of traffic approaching from the left on San Antonio Road. When the Google AV stopped in order to yield to traffic approaching from the left on San Antonio Road, a vehicle approaching at approximately 9 mph from behind the Google AV collided with the rear bumper of the Google AV. There were no injuries reported by either party at the scene. Both vehicles sustained minor damage.",Autonomous
Google Auto LLC,Google Auto LLC,5/4/2016,9:45 PM,2015,Prototype,Prototype,,Latham St. and Chiquita Ave.,Mountain View,Santa Clara,CA,,Moving,,1,,,,,,,,,,,,"A Google prototype autonomous vehicle (""Google AV"") in manual mode proceeding westbound on Latham St. in Mountain View struck a median while traveling at 9 mph near the intersection of Chiquita Ave. There were no other vehicles involved and no traffic in the vicinity. There were no injuries. The Google AV sustained minor damage.",Conventional
Nissan North America Inc.,Nissan North America Inc.,5/10/2016,,2010,Nissan,Leaf,,101 Highway South Bound,Sunnyvale,Santa Clara,CA,94089,Moving,,2,2010,Chevrolet Cobalt,,Moving,,,,,,,,"The AV (subject vehicle) Driver was on Highway 101 S between NASA Ames Research Center and Exit 237 to Sunnyvale, at approximately 3:00 pm on Tuesday May 10, 2016. The AV functions of the subject vehicle were not engaged at the time (conventional mode). The subject vehicle had one passenger in the back seat. There was heavy traffic traveling at 20-40 mph. The car traveling directly ahead of the subject vehicle stopped suddenly. The subject vehicle impacted the stopped vehicle at low speed. Both drivers pulled over to the shoulder of the road. No injuries were reported by either vehicle occupant in this minor crash. No airbags deployed in the crash. Except for minor scuff marks on the leading vehicle's rear bumper, no other body damage was observed. After exchange of information, both vehicles were driven away from the scene. The police were not called. No other vehicles were involved.",Conventional
Google Auto LLC,Google,7/15/2016,3:26 PM,2015,Google,Self Driving Car,,Cuesta Dr. and Spinger Rd.,Los Altos,Santa Clara,CA,94024,Stopped in Traffic,,2,,Mitsubishi,,Moving,,,,,,,,"A Google prototype autonomous vehicle (""Google AV"") operating in autonomous travelling westbound on Cuesta Dr. in Los Altos, CA was involved in an accident. The Google AV was stopped at the stop sign at the intersection of Cuesta Dr. and Spinger Rd. when a vehicle approaching from behind in the same lane collided with the Google AV. The other vehicle was traveling at approximately 7 mph when it struck the Google AV. The Google AV sustained minor damage to its rear hatch and rear sensor. Google was unable to determine whether or not the other vehicle sustained any damage. There were no injuries reported at the scene. The driver of the vehicle left the scene without exchanging information. Police were notified of the incident.",Autonomous
Google Auto LLC,Google Auto LLC,8/8/2016,,2015,Google,Self Driving Car,,Rengstorff Ave. and California St.,Mountain View,Santa Clara,CA,94043,Moving,,1,2005,325i,,Moving,,,,,,,,A Google prototype autonomous vehicle (Google AV) operating in manual mode traveling eastbound on California Rd. in Mountain CA was involved in a minor Accident. The Google AV was stopped at the intersection of Rengstorff Ave; Waiting for pedestrians on Rengstorff Ave. to complete their crossing before it could turn right onto Rengstorff Ave. Another vehicle approaching from behind collided with the rear bumper of the Google AV. The other vehicle was traveling at approximately 4 MPH at the time of the collision. The Google AV sustained minor damage to its rear hatch and bumper. There was no visible damage to the other vehicle. Neither party reported any injuries at the scene.,Conventional
Google Auto LLC,Google,8/16/2016,,2015,Google,Self Driving Car,,,,,,,Stopped in Traffic,,2,2009,Volkswagon,,Moving,,,,,,,,"A Google Prototype autonomous vehicle (""Google AV"") travelling southeastbound on Phyllis Ave. in Mountain View in autonomous mode was involved in an accident. In preparation for making a right turn onto Grant Rd., the Google AV entered the right-turn slip lane and advanced forward at 6 Mph to gain a better view of traffic travelling southbound on Grant Rd. As the Google AV moved forward, it detected a vehicle approaching southbound on Grant Rd. and came to a stop to yield to that vehicle. Approximately one second later, a vehicle approaching from behind the Google AV at approximately 5 Mph collided with the rear bumper of the Google AV. The Google AV experienced moderate damage to its rear bumper and hatch, The, other vehicle experienced mild damage to its front bumper. There were no injuries reported at the scene by either party.",Autonomous
Google Auto LLC,Google Auto LLC,9/2/2016,10:41 AM,2015,Google,Self Driving Car,,Phyllis and Grant,Mountain View,Santa Clara,CA,94040,Stopped in Traffic,,2,2011,Ford Taurus,,Moving,,,,,,,,"A Google prototype autonomous vehicle (""Google AV"") travelling southeast on Phyllis Ave. in Mountain View in autonomous mode was involved in an accident. In preparation for making a right turn onto Grant Rd., the Google AV entered the right-turn slip lane and advanced forward to gain a better view of traffic traveling southbound on Grant Rd: As the Google AV moved forward, it detected an oncoming vehicle (traveling southbound on Grant Rd.) and came to a stop in order to yield to the oncoming vehicle. Approximately one second later, a vehicle approaching from behind the Google AV collided with the rear bumper of the Google AV at an approximate speed of 15 mph. The"" Google AV experienced moderate damage to its rear bumper and hatch. The other vehicle experienced minor damage to its front bumper. There were no injuries reported at the scene by either party.",Autonomous
Google Auto LLC,Google,9/7/2016,6:47 PM,2015,Google,Self Driving Car,,Nita Avenue and San Antonio Road,Palo Alto,Santa Clara,CA,94306,Moving,,2,2014,Mercedes Sprinter,,Moving,,,,,,,,"A Google prototype autonomous vehicle (""Google AV"") proceeding westbound in autonomous mode on Nita Avenue in Palo Alto was involved in an accident. The Google AV came to a stop at the intersection of San Antonio Road, then, in preparation for making a right turn on San Antonio Road, began to gradually advance forward in order to gain a better view of cross-traffic. A 12-passenger shuttle van waiting immediately behind the Google AV then advanced forward at approximately 7 mph and collided with the rear bumper of the Google AV. The Google AV was travelling at approximately 3 mph at the time of the collision. The Google AV experienced minor damage to its rear bumper and hatch. The other vehicle experienced minor damage to its front bumper and right headlight. There were no injuries reported at the scene by either party.",Autonomous
Google Auto LLC,Google Auto LLC,9/14/2016,3:06 PM,2015,Google,Self Driving Car,,El Camino Real,Los Altos,Santa Clara,CA,94022,Moving,,1,2014,Nissan Versa,,Moving,,,,,,,,"A Go ogle prototype autonomous vehicle (""Google A V "") traveling eastbound in manual mode on El Camino Real in Los Altos was involved ú in an acc ident . As the Google A V was completing a l ane change in auto nomous mode from the fat right lane tci the middle lane ofEl Camino Real near the intersection of Showers Drive, a car stopped in traffic in the far left lane of El Camino Real abrup tly changed lanes into the middle lane, immediately in front of the Google A V: The Google A V test driver took manual control of the Google AV and quickly merged back into the far rightlane to avoid the vehicle, Another vehicle approaching from behind in the .right lane ofEl Camino Real then struck the rear passenger side quarter panel of the Google AVat approximately 23. mph. The Go ogle AV was travelling at approximately 14 mph at the time of the collision . The Google AV sustained minor damage to its rear passenger-side tire, quarter panel, and door. The other vehicle sustained moderate damage to its front bumper and fron t driver-side fender. There were no injuries reported at the scene by either party_",Conventional
Google Auto LLC,Google Auto LLC,9/23/2016,11:58 AM,2012,Lexus,RX 450H,,Phyllis and El Camino,Mountain View,Santa Clara,CA,94040,Moving,,2,2004,Mercedes Sprinter 25004X2,,Moving,,,,Injured,,,,"A Google Lexus autonomous vehicle (""Google AV"") traveling southwest in autonomous mode on Rengstorff Ave. in Mountain View was involved in an accident. As the Google AV made a left turn onto El Camino Real from the outside left turn lane, another vehicle in the inside left turn lane also turning left onto El Camino Real crossed into the outside left turn lane and collided with the driver's side of the Google AV. The Google AV test driver immediately disengaged the autonomous technology, took manual control of the vehicle and brought it to a stop at the side of El Camino Real. The Google AV sustained damage to its driver-side doors. The other vehicle sustained damage to its front bumper. The Google AV was traveling approximately 20 mph and the other vehicle was traveling approximately 15 mph at the time of the collision. There were no injuries reported at the scene by either party.",Autonomous
Google Auto LLC,Google Auto LLC,10/26/2016,10:27 AM,2015,Google,Self Driving Car,,El Camino Real,Mountain View,Santa Clara,CA,94043,Moving,,1,2015,Prius,CA,Moving,,,,,,,,"A Google prototype autonomous vehicle (""Google A V"") traveling southbound in autonomous mode on Shoreline Boulevard in Mountain View was involved in an accident. The Google AV entered a slip lane in order to tum right onto El Camino Real and came to a stop to yield to westbound traffic on El Camino Real. As the Google A V began to move forward onto El Camino Real, another vehicle immediately behind the Google AV collided with the rear of the Google AV. At the time of the collision, the Google AV was traveling at approximately 3 mph, and the other vehicle was traveling at approximately 6 mph. The Google A V sustained minor damage to its rear hatch. The other vehicle sustained minor damage to its front bumper. There were no injuries reported by either party at the scene",Autonomous
Google Auto LLC,Google Auto LLC,12/11/2016,11:36 AM,2012,Lexus,RX 450H,,El Camino Real and Rengstorff,Mountain View,Santa Clara,CA,94040,Moving,,2,1997,Toyota Corolla,,Moving,,,,,,,,"A Google Lexus autonomous vehicle (""Google AV"") traveling southwest in autonomous mode on Rengstorff Ave. in Mountain View was involved in an accident. As the Google AV made a left turn onto El Camino Real from the outside left turn lane, another vehicle in the inside left turn lane also turning left onto El Camino Real crossed into the outside left turn lane and collided with the driver's side of the Google AV. The Google AV test driver immediately disengaged the autonomous technology, took manual control of the vehicle and brought it to a stop at the side of El Camino Real. The Google AV sustained damage to its driver-side doors. The other vehicle sustained damage to it?s front bumper. The Google AV was traveling approximately 20 mph and the other vehicle was traveling approximately 15 mph at the time of the collision. There were no injuries reported at the scene by either party.",Conventional
Google Auto LLC,Google,2/26/2015,,,Lexus,RX 450H,,El Camino Real and View St.,Mountain View,Santa Clara,CA,94040,Moving,,2,2015,Audi S6,,Moving,,,,,,,,"The Google AV was travelling northbound in the rightmost lane of Castro St. and came to a complete stop for a red light at the intersection of Castro St. and El Camino Real. The Google AV then proceeded to make a right turn on red by creeping forward, the Google AV detected a vehicle approaching eastbound on El Camino Real and came to a stop in order to yield to the approximate vehicle. The Google AV was just starting to move (<1 MPH) when the vehicle following immediately behind it, which was also attempting to make a right turn onto the El Camino Real, failed to brake sufficiently and struck the Google AV?s bumper at approximately 5 MPH.",Conventional
Google Auto LLC,Google,4/7/2015,,2011,Lexus,RX 450H,,Castro and El Camino,Mountain View,Santa Clara,CA,94040,Moving,,2,2011,BMW 3 series,,Moving,,,,,,,,"The above identified Google Lexus autonomous vehicle (Google AV) was involved in an incident in Mountain View when travelling northbound on Castro St. and making a right turn onto El Camino eastbound. The Google AV was operating in autonomous Mode at the time of the accident.The Google AV was travelling northbound in the rightmost lane of Castro St. and came to a complete stop for a red light at the intersection of Castro St. and El Camino Real. The Google AV then proceeded to make a right turn on red by creeping forward, the Google AV detected a vehicle approaching eastbound on El Camino Real and came to a stop in order to yield to the approximate vehicle. The Google AV was just starting to move (<1 MPH) when the vehicle following immediately behind it, which was also attempting to make a right turn onto the El Camino Real, failed to brake sufficiently and struck the Google AV?s bumper at approximately 5 MPH.All occupants of both vehicles involved were uninjured in the collision, The Google AV sustained minimal body damage and the other vehicle sustained no visible body damage. ",Autonomous
Google Auto LLC,Google,4/27/2015,4:27 PM,2015,Lexus,RX 450H,,California street and shoreline blvd,Mountain View,Santa Clara,ca,94043,Stopped in Traffic,,2,2000,Toyota Camry,,Moving,,,,,,,,"Lexus RX450H (the ¤AV) in autonomous mode heading southbound on California St. in mountain View, was stopped for a red light in the right lane (lane 2) at the intersection of California St. and Shoreline Blvd. While passing the AV, the Toyota?s driver side mirror busted one of the AV?s sensors located on the passenger?s side of the AV, neither vehicle was damaged. ",Autonomous
Google Auto LLC,Google,5/30/2015,12:00 PM,2011,Lexus,RX 450H,,720 Shoreline Blvd,Mountain View,Santa Clara,CA ,94041,Stopped in Traffic,,2,2003,Ford Expedition,,Moving,,,,,,,,"A Google Lexus model autonomous vehicle (""Google AV"") was travelling southbound on Shoreline Boulevard in Mountain View in autonomous mode and was stopped behind traffic at a red light at the intersection of Shoreline Boulevard and El Camino Real, A Ford Expedition approaching from behind collided with the rear bumper and sensor of the Google AV. The approximate speed of the Ford 'Expedition at the time of impact was 1 mph.There were no injuries reported at the scene by either party. The Gaggle AV sustained minor damage to its rear sensor and bumper. There was no visible damage to the Ford Expedition.",Autonomous
Google Auto LLC,Google,6/4/2015,8:54 AM,2012,Lexus,RX 450H,,California Ave and Rengstorff Ave,Mountain View,Santa Clara,CA,94040,Stopped in Traffic,,2,2008,Honda Accord,,Moving,,,,,,,,"A Google Lexus model autonomous vehicle (""Google AV"") was travelling westbound on California St. in Mountain View in autonomous mode and was stopped behind traffic at a red light at the Intersection of California St. and Rengstorff Ave. A vehicle approaching from behind collided with the rear bumper of the Google AV. The Google AV was stopped for approximately 17 seconds prior to the collision. The approximate speed of the other vehicle at the time of impact was <1 mph. Thom wens no injuries reported at the scene by either party. The Google AV sustained no damage and there was no visible damage to the other vehicle.",Autonomous
Google Auto LLC,Google,6/18/2015,11:15 AM,,Lexus,RX 450H,,California and Bryant,Mountain View,Santa Clara,CA,,Stopped in Traffic,,2,2013,Mazda 2,,Moving,,,,,,,,"A Google Lexus-model autonomous vehicle (""Goo& AV"") was traveling northbound on California St. in Mountain View in autonomous mode and was stopped at a red light in the straight-only lane at the intersection of California St. and Bryant St. The lane to the left of the Google AV was a left-turn-only lane. The vehicle waiting immediately behind the Google AV in the straight-only lane began to move forward when the green arrow left turn signal appeared (despite the signal for the straight-only lane remaining red) and collided with the rear bumper of the Google AV. The Google AV had been stopped for about 11 seconds at the time of impact. The other vehicle was traveling about 5 mph at the time of impact. There were no injuries reported at the scene by either party. The Google AV sustained minor damage (scrapes) to its rear bumper. The other vehicle sustained minor damage (scrapes) to its front bumper.",Autonomous
Google Auto LLC,Google,7/1/2015,5:16 PM,2012,Lexus,RX 450H,,Grant Rd.,Mountain View,Santa Clara,CA,94043,Stopped in Traffic,,2,2010,Nissan Altima XL,,Moving,,,,,,,,"A Google Lexus model autonomous vehicle (¤Google AV"") was traveling northbound on Grant Rd. in Mountain View approaching the intersection of Phyllis Ave. and Martens Ave. in autonomous mode. The two vehicles in front of the Google AV, the Google AV, and the vehicle behind the Google AV were all traveling at a steady speed of 15 mph. While approaching a green light intersection with stopped traffic on the other side of the intersection. the first vehicle decelerated and came to a stop, keeping clear of the intersection. The vehicle directly in front of the Google AV and the Google AV also decelerated and came to a stop with adequate and similar stopping distances. About 1 second later, the vehicle approaching from the rear struck the Google AV at 17 mph and did not appear to decelerate prior to the collision. At the time of the incident, the driver, co-driver, and rear passenger of the Google AV reported some whiplash. They were driven by other team members to a local hospital, where they were evaluated by medical staff and cleared to return to work. The driver of the other vehicle reported minor neck and back pain. The Google AV sustained minor damage to its rear bumper. The other vehicle sustained significant damage to its front end.",Autonomous
Google Auto LLC,Google,8/20/2015,9:36 AM,,Lexus,RX 450H,,Shoreline Blvd and high school way,Mountain View,Santa Clara,CA,94040,Moving,,2,2013,Tesla Model S,,Moving,,,,,,,,"A Google Lexus autonomous vehicle (""Google AV"") operating in autonomous mode and traveling northbound on Shoreline Blvd. in Mountain View in lane two (the second of three lanes) was involved in an accident. As the Google AV approached the intersection of Shoreline Blvd. and High School way, a pedestrian began to cross the northbound lanes of Shoreline Blvd. in the crosswalk traveling westbound. The Google AV slowed to yield as it approached the crosswalk, and out of an abundance of caution the Google AV test driver disengaged the autonomous technology and took control of the vehicle. A vehicle in lane three to the immediate right of, and traveling in the same direction as, the Google AV was already stopped and yielding the right of way to the pedestrian. A vehicle in the process of changing lanes from lane one into lane two and approaching from the rear struck the Google AV. The Google AV was travelling 5 mph at the time of impact, and braking to stop for the crosswalk. The other vehicle was travelling approximately 10 mph at the time of impact. The Google AV test driver reported minor back pain and was taken to a local hospital by Google employees, where he was evaluated and released by medical staff. The Google AV co-test driver did not report any injuries. The Google AV sustained minor damage to its rear left bumper. The other vehicle sustained moderate damage to its front end and was towed from the scene. The driver of the other vehicle did not report any injuries at the scene.",Conventional
Google Auto LLC,Google Auto LLC,11/2/2015,2:30 PM,2012,Lexus,RX 450H,,Clark ave and el camino real,Mountain View,santa clara,CA,94040,Stopped in Traffic,,2,2000,BMW 328i,,Moving,,,,,,,,"A Google Lexus model autonomous vehicle (""Google AV"") in autonomous mode travelling northbound on Clark Ave in Mountain View was involved in an accident. As the Google AV approached the intersection of Clark St. and El Camino Real it activated its turn signal to indicate its intention to make a right turn on El Camino Real. The Google AV came to a complete stop at a red light at the intersection and then began to slowly advance in order to get a better view of cross traffic on El Camino Real approaching from the left to determine whether it was clear to make the right turn on red. A vehicle approaching from behind stopped and then rolled forward and collided with the rear bumper of the Google AV. The approximate speed of the other vehicle at the time of impact was 4 MPH. The speed of the Google AV at the Limo of impact was below 1 MPH. There were no injuries reported at the scene by either party. The Google AV sustained minor damage to the rear bumper. The other vehicle sustained minor damage to the passenger side headlight, vehicle hood, and front bumper.",Autonomous
"Delphi Automotive Systems, LLC",,10/14/2014,7:27 PM,2014,Audi,SQ5,,San Antotio Road (600 Block),Palo Alto,Santa Clara,CA,94303,Stopped in Traffic,,2,2012,Honda Civic,,Moving,,,,,,,,"All occupants of both vehicles involved were uninjured in the collision, The Google AV sustained minimal body damage and the other vehicle sustained no visible body damage.",Conventional
